schedule_date,team_home,team_away,score_home,score_away,spread_favorite,over_under_line,stadium_neutral,home_win
9/10/2020,Kansas City Chiefs,Houston Texans,34,20,-9.0,54,False,1
9/13/2020,Atlanta Falcons,Seattle Seahawks,25,38,-1.0,49,False,0
9/13/2020,Baltimore Ravens,Cleveland Browns,38,6,-7.0,47.5,False,1
9/13/2020,Buffalo Bills,New York Jets,27,17,-6.5,39.5,False,1
9/13/2020,Carolina Panthers,Las Vegas Raiders,30,34,-3.0,48,False,0
9/13/2020,Cincinnati Bengals,Los Angeles Chargers,13,16,-3.0,41.5,False,0
9/13/2020,Detroit Lions,Chicago Bears,23,27,-2.5,42.5,False,0
9/13/2020,Jacksonville Jaguars,Indianapolis Colts,27,20,-8.0,45,False,1
9/13/2020,Los Angeles Rams,Dallas Cowboys,20,17,-2.0,51.5,False,1
9/13/2020,Minnesota Vikings,Green Bay Packers,34,43,-2.5,44.5,False,0
9/13/2020,New England Patriots,Miami Dolphins,21,11,-7.0,41.5,False,1
9/13/2020,New Orleans Saints,Tampa Bay Buccaneers,34,23,-3.5,47.5,False,1
9/13/2020,San Francisco 49ers,Arizona Cardinals,20,24,-6.5,48,False,0
9/13/2020,Washington Football Team,Philadelphia Eagles,27,17,-5.0,42,False,1
9/14/2020,Denver Broncos,Tennessee Titans,14,16,-3.0,41,False,0
9/14/2020,New York Giants,Pittsburgh Steelers,16,26,-5.5,45,False,0
9/17/2020,Cleveland Browns,Cincinnati Bengals,35,30,-6.0,43,False,1
9/20/2020,Arizona Cardinals,Washington Football Team,30,15,-7.0,46.5,False,1
9/20/2020,Chicago Bears,New York Giants,17,13,-5.5,42,False,1
9/20/2020,Dallas Cowboys,Atlanta Falcons,40,39,-3.5,53.5,False,1
9/20/2020,Green Bay Packers,Detroit Lions,42,21,-6.0,50,False,1
9/20/2020,Houston Texans,Baltimore Ravens,16,33,-7.0,49,False,0
9/20/2020,Indianapolis Colts,Minnesota Vikings,28,11,-3.0,49,False,1
9/20/2020,Los Angeles Chargers,Kansas City Chiefs,20,23,-8.5,47.5,False,0
9/20/2020,Miami Dolphins,Buffalo Bills,28,31,-5.5,42,False,0
9/20/2020,New York Jets,San Francisco 49ers,13,31,-7.0,41.5,False,0
9/20/2020,Philadelphia Eagles,Los Angeles Rams,19,37,-1.5,45.5,False,0
9/20/2020,Pittsburgh Steelers,Denver Broncos,26,21,-6.5,40.5,False,1
9/20/2020,Seattle Seahawks,New England Patriots,35,30,-4.0,44.5,False,1
9/20/2020,Tampa Bay Buccaneers,Carolina Panthers,31,17,-8.0,47,False,1
9/20/2020,Tennessee Titans,Jacksonville Jaguars,33,30,-7.5,44,False,1
9/21/2020,Las Vegas Raiders,New Orleans Saints,34,24,-5.5,48.5,False,1
9/24/2020,Jacksonville Jaguars,Miami Dolphins,13,31,-3.0,48,False,0
9/27/2020,Arizona Cardinals,Detroit Lions,23,26,-5.5,55.5,False,0
9/27/2020,Atlanta Falcons,Chicago Bears,26,30,-3.0,47,False,0
9/27/2020,Buffalo Bills,Los Angeles Rams,35,32,-2.0,47,False,1
9/27/2020,Cleveland Browns,Washington Football Team,34,20,-7.0,44.5,False,1
9/27/2020,Denver Broncos,Tampa Bay Buccaneers,10,28,-6.0,42.5,False,0
9/27/2020,Indianapolis Colts,New York Jets,36,7,-11.5,44,False,1
9/27/2020,Los Angeles Chargers,Carolina Panthers,16,21,-6.5,43.5,False,0
9/27/2020,Minnesota Vikings,Tennessee Titans,30,31,-2.5,50,False,0
9/27/2020,New England Patriots,Las Vegas Raiders,36,20,-6.5,47,False,1
9/27/2020,New Orleans Saints,Green Bay Packers,30,37,-3.0,53,False,0
9/27/2020,New York Giants,San Francisco 49ers,9,36,-3.0,43,False,0
9/27/2020,Philadelphia Eagles,Cincinnati Bengals,23,23,-4.5,47.5,False,0
9/27/2020,Pittsburgh Steelers,Houston Texans,28,21,-4.0,46,False,1
9/27/2020,Seattle Seahawks,Dallas Cowboys,38,31,-5.0,56.5,False,1
9/28/2020,Baltimore Ravens,Kansas City Chiefs,20,34,-3.0,54,False,0
10/1/2020,New York Jets,Denver Broncos,28,37,-1.5,41,False,0
10/4/2020,Carolina Panthers,Arizona Cardinals,31,21,-3.0,51.5,False,1
10/4/2020,Chicago Bears,Indianapolis Colts,11,19,-3.0,43,False,0
10/4/2020,Cincinnati Bengals,Jacksonville Jaguars,33,25,-2.5,49,False,1
10/4/2020,Dallas Cowboys,Cleveland Browns,38,49,-3.5,56,False,0
10/4/2020,Detroit Lions,New Orleans Saints,29,35,-3.0,54.5,False,0
10/4/2020,Houston Texans,Minnesota Vikings,23,31,-3.5,53.5,False,0
10/4/2020,Las Vegas Raiders,Buffalo Bills,23,30,-3.0,53,False,0
10/4/2020,Los Angeles Rams,New York Giants,17,9,-13.0,48.5,False,1
10/4/2020,Miami Dolphins,Seattle Seahawks,23,31,-5.5,54.5,False,0
10/4/2020,San Francisco 49ers,Philadelphia Eagles,20,25,-7.5,45,False,0
10/4/2020,Tampa Bay Buccaneers,Los Angeles Chargers,38,31,-7.0,42.5,False,1
10/4/2020,Washington Football Team,Baltimore Ravens,17,31,-14.0,45,False,0
10/5/2020,Green Bay Packers,Atlanta Falcons,30,16,-7.0,56.5,False,1
10/5/2020,Kansas City Chiefs,New England Patriots,26,10,-7.0,53,False,1
10/8/2020,Chicago Bears,Tampa Bay Buccaneers,20,19,-3.5,44.5,False,1
10/11/2020,Atlanta Falcons,Carolina Panthers,16,23,-2.5,54,False,0
10/11/2020,Baltimore Ravens,Cincinnati Bengals,27,3,-11.0,50.5,False,1
10/11/2020,Cleveland Browns,Indianapolis Colts,32,23,-1.0,48,False,1
10/11/2020,Dallas Cowboys,New York Giants,37,34,-8.0,53,False,1
10/11/2020,Houston Texans,Jacksonville Jaguars,30,14,-5.5,54.5,False,1
10/11/2020,Kansas City Chiefs,Las Vegas Raiders,32,40,-10.5,54.5,False,0
10/11/2020,New York Jets,Arizona Cardinals,10,30,-7.0,47.5,False,0
10/11/2020,Pittsburgh Steelers,Philadelphia Eagles,38,29,-7.0,43.5,False,1
10/11/2020,San Francisco 49ers,Miami Dolphins,17,43,-7.5,51,False,0
10/11/2020,Seattle Seahawks,Minnesota Vikings,27,26,-6.5,56.5,False,1
10/11/2020,Washington Football Team,Los Angeles Rams,10,30,-7.0,46,False,0
10/12/2020,New Orleans Saints,Los Angeles Chargers,30,27,-7.0,49.5,False,1
10/13/2020,Tennessee Titans,Buffalo Bills,42,16,-3.5,53,False,1
10/18/2020,Carolina Panthers,Chicago Bears,16,23,-1.5,44.5,False,0
10/18/2020,Indianapolis Colts,Cincinnati Bengals,31,27,-7.5,45.5,False,1
10/18/2020,Jacksonville Jaguars,Detroit Lions,16,34,-3.0,54.5,False,0
10/18/2020,Miami Dolphins,New York Jets,24,0,-9.0,47,False,1
10/18/2020,Minnesota Vikings,Atlanta Falcons,23,40,-4.0,54,False,0
10/18/2020,New England Patriots,Denver Broncos,12,18,-8.0,45,False,0
10/18/2020,New York Giants,Washington Football Team,20,19,-2.5,43,False,1
10/18/2020,Philadelphia Eagles,Baltimore Ravens,28,30,-10.0,46.5,False,0
10/18/2020,Pittsburgh Steelers,Cleveland Browns,38,7,-3.0,51,False,1
10/18/2020,San Francisco 49ers,Los Angeles Rams,24,16,-2.5,51.5,False,1
10/18/2020,Tampa Bay Buccaneers,Green Bay Packers,38,10,-1.0,55,False,1
10/18/2020,Tennessee Titans,Houston Texans,42,36,-3.5,53.5,False,1
10/19/2020,Buffalo Bills,Kansas City Chiefs,17,26,-5.0,57.5,False,0
10/19/2020,Dallas Cowboys,Arizona Cardinals,10,38,-1.0,55,False,0
10/22/2020,Philadelphia Eagles,New York Giants,22,21,-4.5,45,False,1
10/25/2020,Arizona Cardinals,Seattle Seahawks,37,34,-3.5,56,False,1
10/25/2020,Atlanta Falcons,Detroit Lions,22,23,-2.0,55,False,0
10/25/2020,Cincinnati Bengals,Cleveland Browns,34,37,-3.0,51,False,0
10/25/2020,Denver Broncos,Kansas City Chiefs,16,43,-7.0,46,False,0
10/25/2020,Houston Texans,Green Bay Packers,20,35,-3.0,57,False,0
10/25/2020,Las Vegas Raiders,Tampa Bay Buccaneers,20,45,-3.5,52,False,0
10/25/2020,Los Angeles Chargers,Jacksonville Jaguars,39,29,-7.5,48.5,False,1
10/25/2020,New England Patriots,San Francisco 49ers,6,33,-3.0,44.5,False,0
10/25/2020,New Orleans Saints,Carolina Panthers,27,24,-6.5,50,False,1
10/25/2020,New York Jets,Buffalo Bills,10,18,-10.0,46,False,0
10/25/2020,Tennessee Titans,Pittsburgh Steelers,24,27,-1.0,51,False,0
10/25/2020,Washington Football Team,Dallas Cowboys,25,3,-1.0,45,False,1
10/26/2020,Los Angeles Rams,Chicago Bears,24,10,-6.0,45,False,1
10/29/2020,Carolina Panthers,Atlanta Falcons,17,25,-2.0,51,False,0
11/1/2020,Baltimore Ravens,Pittsburgh Steelers,24,28,-4.0,46,False,0
11/1/2020,Buffalo Bills,New England Patriots,24,21,-4.5,40.5,False,1
11/1/2020,Chicago Bears,New Orleans Saints,23,26,-4.0,43,False,0
11/1/2020,Cincinnati Bengals,Tennessee Titans,31,20,-7.0,50.5,False,1
11/1/2020,Cleveland Browns,Las Vegas Raiders,6,16,-1.5,48,False,0
11/1/2020,Denver Broncos,Los Angeles Chargers,31,30,-3.5,44.5,False,1
11/1/2020,Detroit Lions,Indianapolis Colts,21,41,-3.0,49.5,False,0
11/1/2020,Green Bay Packers,Minnesota Vikings,22,28,-6.5,50,False,0
11/1/2020,Kansas City Chiefs,New York Jets,35,9,-19.5,49,False,1
11/1/2020,Miami Dolphins,Los Angeles Rams,28,17,-3.5,45.5,False,1
11/1/2020,Philadelphia Eagles,Dallas Cowboys,23,9,-11.5,42.5,False,1
11/1/2020,Seattle Seahawks,San Francisco 49ers,37,27,-3.0,53.5,False,1
11/2/2020,New York Giants,Tampa Bay Buccaneers,23,25,-12.5,45,False,0
11/5/2020,San Francisco 49ers,Green Bay Packers,17,34,-7.5,48.5,False,0
11/8/2020,Arizona Cardinals,Miami Dolphins,31,34,-5.5,49,False,0
11/8/2020,Atlanta Falcons,Denver Broncos,34,27,-4.0,49,False,1
11/8/2020,Buffalo Bills,Seattle Seahawks,44,34,-3.0,55,False,1
11/8/2020,Dallas Cowboys,Pittsburgh Steelers,19,24,-14.0,44,False,0
11/8/2020,Indianapolis Colts,Baltimore Ravens,10,24,-1.0,48,False,0
11/8/2020,Jacksonville Jaguars,Houston Texans,25,27,-6.5,49.5,False,0
11/8/2020,Kansas City Chiefs,Carolina Panthers,33,31,-10.0,51.5,False,1
11/8/2020,Los Angeles Chargers,Las Vegas Raiders,26,31,-1.0,52.5,False,0
11/8/2020,Minnesota Vikings,Detroit Lions,34,20,-4.0,52,False,1
11/8/2020,Tampa Bay Buccaneers,New Orleans Saints,3,38,-4.0,50.5,False,0
11/8/2020,Tennessee Titans,Chicago Bears,24,17,-6.5,47,False,1
11/8/2020,Washington Football Team,New York Giants,20,23,-2.5,43,False,0
11/9/2020,New York Jets,New England Patriots,27,30,-9.5,41.5,False,0
11/12/2020,Tennessee Titans,Indianapolis Colts,17,34,-1.0,48.5,False,0
11/15/2020,Arizona Cardinals,Buffalo Bills,32,30,-2.5,56,False,1
11/15/2020,Carolina Panthers,Tampa Bay Buccaneers,23,46,-6.0,51,False,0
11/15/2020,Cleveland Browns,Houston Texans,10,7,-4.0,45.5,False,1
11/15/2020,Detroit Lions,Washington Football Team,30,27,-3.0,46,False,1
11/15/2020,Green Bay Packers,Jacksonville Jaguars,24,20,-14.0,47.5,False,1
11/15/2020,Las Vegas Raiders,Denver Broncos,37,12,-3.5,50.5,False,1
11/15/2020,Los Angeles Rams,Seattle Seahawks,23,16,-3.0,54.5,False,1
11/15/2020,Miami Dolphins,Los Angeles Chargers,29,21,-2.0,48.5,False,1
11/15/2020,New England Patriots,Baltimore Ravens,23,17,-7.0,43.5,False,1
11/15/2020,New Orleans Saints,San Francisco 49ers,27,13,-9.5,49.5,False,1
11/15/2020,New York Giants,Philadelphia Eagles,27,17,-4.0,44.5,False,1
11/15/2020,Pittsburgh Steelers,Cincinnati Bengals,36,10,-7.0,46.5,False,1
11/16/2020,Chicago Bears,Minnesota Vikings,13,19,-3.0,43.5,False,0
11/19/2020,Seattle Seahawks,Arizona Cardinals,28,21,-3.0,57.5,False,1
11/22/2020,Baltimore Ravens,Tennessee Titans,24,30,-6.0,50,False,0
11/22/2020,Carolina Panthers,Detroit Lions,20,0,-1.5,46.5,False,1
11/22/2020,Cleveland Browns,Philadelphia Eagles,22,17,-3.0,47,False,1
11/22/2020,Denver Broncos,Miami Dolphins,20,13,-3.5,46,False,1
11/22/2020,Houston Texans,New England Patriots,27,20,-2.5,49,False,1
11/22/2020,Indianapolis Colts,Green Bay Packers,34,31,-1.5,51.5,False,1
11/22/2020,Jacksonville Jaguars,Pittsburgh Steelers,3,27,-10.5,46,False,0
11/22/2020,Las Vegas Raiders,Kansas City Chiefs,31,35,-7.5,57,False,0
11/22/2020,Los Angeles Chargers,New York Jets,34,28,-9.5,46.5,False,1
11/22/2020,Minnesota Vikings,Dallas Cowboys,28,31,-7.0,48.5,False,0
11/22/2020,New Orleans Saints,Atlanta Falcons,24,9,-3.5,49,False,1
11/22/2020,Washington Football Team,Cincinnati Bengals,20,9,-1.5,47,False,1
11/23/2020,Tampa Bay Buccaneers,Los Angeles Rams,24,27,-4.5,48,False,0
11/26/2020,Dallas Cowboys,Washington Football Team,16,41,-3.0,46,False,0
11/26/2020,Detroit Lions,Houston Texans,25,41,-3.0,51,False,0
11/29/2020,Atlanta Falcons,Las Vegas Raiders,43,6,-3.0,53.5,False,1
11/29/2020,Buffalo Bills,Los Angeles Chargers,27,17,-4.5,52,False,1
11/29/2020,Cincinnati Bengals,New York Giants,17,19,-6.0,44.5,False,0
11/29/2020,Denver Broncos,New Orleans Saints,3,31,-14.5,36.5,False,0
11/29/2020,Green Bay Packers,Chicago Bears,41,25,-9.5,44,False,1
11/29/2020,Indianapolis Colts,Tennessee Titans,26,45,-3.0,51.5,False,0
11/29/2020,Jacksonville Jaguars,Cleveland Browns,25,27,-7.0,48.5,False,0
11/29/2020,Los Angeles Rams,San Francisco 49ers,20,23,-6.5,44.5,False,0
11/29/2020,Minnesota Vikings,Carolina Panthers,28,27,-3.0,50,False,1
11/29/2020,New England Patriots,Arizona Cardinals,20,17,-2.0,49,False,1
11/29/2020,New York Jets,Miami Dolphins,3,20,-7.0,44.5,False,0
11/29/2020,Tampa Bay Buccaneers,Kansas City Chiefs,24,27,-3.5,56,False,0
11/30/2020,Philadelphia Eagles,Seattle Seahawks,17,23,-6.5,49,False,0
12/2/2020,Pittsburgh Steelers,Baltimore Ravens,19,14,-5.0,44.5,False,1
12/6/2020,Arizona Cardinals,Los Angeles Rams,28,38,-2.5,48.5,False,0
12/6/2020,Atlanta Falcons,New Orleans Saints,16,21,-2.5,46,False,0
12/6/2020,Chicago Bears,Detroit Lions,30,34,-3.0,44,False,0
12/6/2020,Green Bay Packers,Philadelphia Eagles,30,16,-8.5,49.5,False,1
12/6/2020,Houston Texans,Indianapolis Colts,20,26,-3.5,50,False,0
12/6/2020,Kansas City Chiefs,Denver Broncos,22,16,-13.0,51.5,False,1
12/6/2020,Los Angeles Chargers,New England Patriots,0,45,-2.0,47,False,0
12/6/2020,Miami Dolphins,Cincinnati Bengals,19,7,-10.0,43,False,1
12/6/2020,Minnesota Vikings,Jacksonville Jaguars,27,24,-10.0,51.5,False,1
12/6/2020,New York Jets,Las Vegas Raiders,28,31,-7.5,48.5,False,0
12/6/2020,Seattle Seahawks,New York Giants,12,17,-11.0,48,False,0
12/6/2020,Tennessee Titans,Cleveland Browns,35,41,-3.5,53.5,False,0
12/7/2020,Pittsburgh Steelers,Washington Football Team,17,23,-6.0,43.5,False,0
12/7/2020,San Francisco 49ers,Buffalo Bills,24,34,-1.5,48,True,0
12/8/2020,Baltimore Ravens,Dallas Cowboys,34,17,-8.5,45.5,False,1
12/10/2020,Los Angeles Rams,New England Patriots,24,3,-5.0,43.5,False,1
12/13/2020,Buffalo Bills,Pittsburgh Steelers,26,15,-2.0,48.5,False,1
12/13/2020,Carolina Panthers,Denver Broncos,27,32,-4.0,45.5,False,0
12/13/2020,Chicago Bears,Houston Texans,36,7,-1.0,46.5,False,1
12/13/2020,Cincinnati Bengals,Dallas Cowboys,7,30,-3.0,44,False,0
12/13/2020,Detroit Lions,Green Bay Packers,24,31,-9.0,55.5,False,0
12/13/2020,Jacksonville Jaguars,Tennessee Titans,10,31,-7.5,53,False,0
12/13/2020,Las Vegas Raiders,Indianapolis Colts,27,44,-2.5,52,False,0
12/13/2020,Los Angeles Chargers,Atlanta Falcons,20,17,-1.0,49,False,1
12/13/2020,Miami Dolphins,Kansas City Chiefs,27,33,-7.0,51.5,False,0
12/13/2020,New York Giants,Arizona Cardinals,7,26,-3.0,47.5,False,0
12/13/2020,Philadelphia Eagles,New Orleans Saints,24,21,-7.5,42.5,False,1
12/13/2020,San Francisco 49ers,Washington Football Team,15,23,-3.0,43.5,False,0
12/13/2020,Seattle Seahawks,New York Jets,40,3,-16.5,49,False,1
12/13/2020,Tampa Bay Buccaneers,Minnesota Vikings,26,14,-7.0,52.5,False,1
12/14/2020,Cleveland Browns,Baltimore Ravens,42,47,-3.0,45.5,False,0
12/17/2020,Las Vegas Raiders,Los Angeles Chargers,27,30,-3.5,52.5,False,0
12/19/2020,Denver Broncos,Buffalo Bills,19,48,-6.0,48,False,0
12/19/2020,Green Bay Packers,Carolina Panthers,24,16,-9.0,53,False,1
12/20/2020,Arizona Cardinals,Philadelphia Eagles,33,26,-6.0,49.5,False,1
12/20/2020,Atlanta Falcons,Tampa Bay Buccaneers,27,31,-6.0,49.5,False,0
12/20/2020,Baltimore Ravens,Jacksonville Jaguars,40,14,-12.5,49,False,1
12/20/2020,Dallas Cowboys,San Francisco 49ers,41,33,-4.0,45.5,False,1
12/20/2020,Indianapolis Colts,Houston Texans,27,20,-7.5,52.5,False,1
12/20/2020,Los Angeles Rams,New York Jets,20,23,-17.0,44.5,False,0
12/20/2020,Miami Dolphins,New England Patriots,22,12,-1.0,40,False,1
12/20/2020,Minnesota Vikings,Chicago Bears,27,33,-3.0,47,False,0
12/20/2020,New Orleans Saints,Kansas City Chiefs,29,32,-2.5,54,False,0
12/20/2020,New York Giants,Cleveland Browns,6,20,-6.5,44.5,False,0
12/20/2020,Tennessee Titans,Detroit Lions,46,25,-8.5,54,False,1
12/20/2020,Washington Football Team,Seattle Seahawks,15,20,-6.0,44,False,0
12/21/2020,Cincinnati Bengals,Pittsburgh Steelers,27,17,-14.5,40.5,False,1
12/25/2020,New Orleans Saints,Minnesota Vikings,52,33,-6.5,49.5,False,1
12/26/2020,Arizona Cardinals,San Francisco 49ers,12,20,-6.0,49,False,0
12/26/2020,Detroit Lions,Tampa Bay Buccaneers,7,47,-12.0,55,False,0
12/26/2020,Las Vegas Raiders,Miami Dolphins,25,26,-2.5,50,False,0
12/27/2020,Baltimore Ravens,New York Giants,27,13,-9.5,43.5,False,1
12/27/2020,Dallas Cowboys,Philadelphia Eagles,37,17,-3.0,50.5,False,1
12/27/2020,Green Bay Packers,Tennessee Titans,40,14,-3.0,52.5,False,1
12/27/2020,Houston Texans,Cincinnati Bengals,31,37,-7.5,46,False,0
12/27/2020,Jacksonville Jaguars,Chicago Bears,17,41,-9.5,47,False,0
12/27/2020,Kansas City Chiefs,Atlanta Falcons,17,14,-11.0,54,False,1
12/27/2020,Los Angeles Chargers,Denver Broncos,19,16,-2.0,47.5,False,1
12/27/2020,New York Jets,Cleveland Browns,23,16,-6.5,45,False,1
12/27/2020,Pittsburgh Steelers,Indianapolis Colts,28,24,-1.0,42.5,False,1
12/27/2020,Seattle Seahawks,Los Angeles Rams,20,9,-1.5,48,False,1
12/27/2020,Washington Football Team,Carolina Panthers,13,20,-1.0,42,False,0
12/28/2020,New England Patriots,Buffalo Bills,9,38,-7.0,47,False,0
1/3/2021,Buffalo Bills,Miami Dolphins,56,26,-3.0,42.5,False,1
1/3/2021,Carolina Panthers,New Orleans Saints,7,33,-6.0,46.5,False,0
1/3/2021,Chicago Bears,Green Bay Packers,16,35,-4.5,48.5,False,0
1/3/2021,Cincinnati Bengals,Baltimore Ravens,3,38,-13.5,45,False,0
1/3/2021,Cleveland Browns,Pittsburgh Steelers,24,22,-10.5,44.5,False,1
1/3/2021,Denver Broncos,Las Vegas Raiders,31,32,-2.5,50.5,False,0
1/3/2021,Detroit Lions,Minnesota Vikings,35,37,-3.0,53.5,False,0
1/3/2021,Houston Texans,Tennessee Titans,38,41,-7.0,55.5,False,0
1/3/2021,Indianapolis Colts,Jacksonville Jaguars,28,14,-15.5,48,False,1
1/3/2021,Kansas City Chiefs,Los Angeles Chargers,21,38,-6.5,43,False,0
1/3/2021,Los Angeles Rams,Arizona Cardinals,18,7,-1.0,42,False,1
1/3/2021,New England Patriots,New York Jets,28,14,-3.0,41,False,1
1/3/2021,New York Giants,Dallas Cowboys,23,19,-1.5,43.5,False,1
1/3/2021,Philadelphia Eagles,Washington Football Team,14,20,-6.5,43.5,False,0
1/3/2021,San Francisco 49ers,Seattle Seahawks,23,26,-7.0,45,False,0
1/3/2021,Tampa Bay Buccaneers,Atlanta Falcons,44,27,-7.0,51,False,1
1/9/2021,Buffalo Bills,Indianapolis Colts,27,24,-7.0,50.5,False,1
1/9/2021,Seattle Seahawks,Los Angeles Rams,20,30,-3.0,42.5,False,0
1/9/2021,Washington Football Team,Tampa Bay Buccaneers,23,31,-10.0,45,False,0
1/10/2021,New Orleans Saints,Chicago Bears,21,9,-11.0,48,False,1
1/10/2021,Pittsburgh Steelers,Cleveland Browns,37,48,-5.5,47.5,False,0
1/10/2021,Tennessee Titans,Baltimore Ravens,13,20,-3.5,53.5,False,0
1/16/2021,Buffalo Bills,Baltimore Ravens,17,3,-2.5,49.5,False,1
1/16/2021,Green Bay Packers,Los Angeles Rams,32,18,-7.0,45,False,1
1/17/2021,Kansas City Chiefs,Cleveland Browns,22,17,-8.0,56,False,1
1/17/2021,New Orleans Saints,Tampa Bay Buccaneers,20,30,-2.5,53,False,0
1/24/2021,Green Bay Packers,Tampa Bay Buccaneers,26,31,-3.0,53,False,0
1/24/2021,Kansas City Chiefs,Buffalo Bills,38,24,-3.0,55,False,1
2/7/2021,Tampa Bay Buccaneers,Kansas City Chiefs,31,9,-3.0,54.5,False,1
9/9/2021,Tampa Bay Buccaneers,Dallas Cowboys,31,29,-7.5,51.5,False,1
9/12/2021,Atlanta Falcons,Philadelphia Eagles,6,32,-3.5,48,False,0
9/12/2021,Buffalo Bills,Pittsburgh Steelers,16,23,-6.5,48.5,False,0
9/12/2021,Carolina Panthers,New York Jets,19,14,-5.0,44.5,False,1
9/12/2021,Cincinnati Bengals,Minnesota Vikings,27,24,-3.0,48,False,1
9/12/2021,Detroit Lions,San Francisco 49ers,33,41,-7.5,46,False,0
9/12/2021,Houston Texans,Jacksonville Jaguars,37,21,-3.0,44.5,False,1
9/12/2021,Indianapolis Colts,Seattle Seahawks,16,28,-2.5,48.5,False,0
9/12/2021,Kansas City Chiefs,Cleveland Browns,33,29,-6.0,53,False,1
9/12/2021,Los Angeles Rams,Chicago Bears,34,14,-7.5,44.5,False,1
9/12/2021,New England Patriots,Miami Dolphins,16,17,-2.5,44.5,False,0
9/12/2021,New Orleans Saints,Green Bay Packers,38,3,-4.0,49.5,True,1
9/12/2021,New York Giants,Denver Broncos,13,27,-2.5,42.5,False,0
9/12/2021,Tennessee Titans,Arizona Cardinals,13,38,-3.0,51.5,False,0
9/12/2021,Washington Football Team,Los Angeles Chargers,16,20,-1.0,44.5,False,0
9/13/2021,Las Vegas Raiders,Baltimore Ravens,33,27,-4.5,51,False,1
9/16/2021,Washington Football Team,New York Giants,30,29,-3.0,41,False,1
9/19/2021,Arizona Cardinals,Minnesota Vikings,34,33,-4.0,51,False,1
9/19/2021,Baltimore Ravens,Kansas City Chiefs,36,35,-4.0,55.5,False,1
9/19/2021,Carolina Panthers,New Orleans Saints,26,7,-3.5,44,False,1
9/19/2021,Chicago Bears,Cincinnati Bengals,20,17,-3.0,45,False,1
9/19/2021,Cleveland Browns,Houston Texans,31,21,-12.5,48,False,1
9/19/2021,Indianapolis Colts,Los Angeles Rams,24,27,-4.0,47.5,False,0
9/19/2021,Jacksonville Jaguars,Denver Broncos,13,23,-6.0,45.5,False,0
9/19/2021,Los Angeles Chargers,Dallas Cowboys,17,20,-3.0,55,False,0
9/19/2021,Miami Dolphins,Buffalo Bills,0,35,-3.0,48,False,0
9/19/2021,New York Jets,New England Patriots,6,25,-5.5,42.5,False,0
9/19/2021,Philadelphia Eagles,San Francisco 49ers,11,17,-3.5,50,False,0
9/19/2021,Pittsburgh Steelers,Las Vegas Raiders,17,26,-6.0,47.5,False,0
9/19/2021,Seattle Seahawks,Tennessee Titans,30,33,-5.5,54,False,0
9/19/2021,Tampa Bay Buccaneers,Atlanta Falcons,48,25,-12.5,52,False,1
9/20/2021,Green Bay Packers,Detroit Lions,35,17,-10.5,48,False,1
9/23/2021,Houston Texans,Carolina Panthers,9,24,-8.0,43,False,0
9/26/2021,Buffalo Bills,Washington Football Team,43,21,-7.0,45.5,False,1
9/26/2021,Cleveland Browns,Chicago Bears,26,6,-7.5,45,False,1
9/26/2021,Denver Broncos,New York Jets,26,0,-10.0,41.5,False,1
9/26/2021,Detroit Lions,Baltimore Ravens,17,19,-7.5,51,False,0
9/26/2021,Jacksonville Jaguars,Arizona Cardinals,19,31,-8.0,51.5,False,0
9/26/2021,Kansas City Chiefs,Los Angeles Chargers,24,30,-7.0,55,False,0
9/26/2021,Las Vegas Raiders,Miami Dolphins,31,28,-3.5,45,False,1
9/26/2021,Los Angeles Rams,Tampa Bay Buccaneers,34,24,-1.0,55,False,1
9/26/2021,Minnesota Vikings,Seattle Seahawks,30,17,-2.0,54,False,1
9/26/2021,New England Patriots,New Orleans Saints,13,28,-3.0,43.5,False,0
9/26/2021,New York Giants,Atlanta Falcons,14,17,-2.5,48,False,0
9/26/2021,Pittsburgh Steelers,Cincinnati Bengals,10,24,-2.5,42.5,False,0
9/26/2021,San Francisco 49ers,Green Bay Packers,28,30,-3.0,50.5,False,0
9/26/2021,Tennessee Titans,Indianapolis Colts,25,16,-5.0,47,False,1
9/27/2021,Dallas Cowboys,Philadelphia Eagles,41,21,-3.5,51.5,False,1
9/30/2021,Cincinnati Bengals,Jacksonville Jaguars,24,21,-7.5,46,False,1
10/3/2021,Atlanta Falcons,Washington Football Team,30,34,-2.0,47.5,False,0
10/3/2021,Buffalo Bills,Houston Texans,40,0,-19.0,47.5,False,1
10/3/2021,Chicago Bears,Detroit Lions,24,14,-3.0,41.5,False,1
10/3/2021,Dallas Cowboys,Carolina Panthers,36,28,-4.5,51.5,False,1
10/3/2021,Denver Broncos,Baltimore Ravens,7,23,-1.0,44,False,0
10/3/2021,Green Bay Packers,Pittsburgh Steelers,27,17,-6.0,45,False,1
10/3/2021,Los Angeles Rams,Arizona Cardinals,20,37,-4.0,54,False,0
10/3/2021,Miami Dolphins,Indianapolis Colts,17,27,-2.5,41.5,False,0
10/3/2021,Minnesota Vikings,Cleveland Browns,7,14,-1.0,52,False,0
10/3/2021,New England Patriots,Tampa Bay Buccaneers,17,19,-6.5,49,False,0
10/3/2021,New Orleans Saints,New York Giants,21,27,-7.0,42.5,False,0
10/3/2021,New York Jets,Tennessee Titans,27,24,-6.0,44.5,False,1
10/3/2021,Philadelphia Eagles,Kansas City Chiefs,30,42,-7.0,54,False,0
10/3/2021,San Francisco 49ers,Seattle Seahawks,21,28,-2.5,52,False,0
10/4/2021,Los Angeles Chargers,Las Vegas Raiders,28,14,-3.0,51.5,False,1
10/7/2021,Seattle Seahawks,Los Angeles Rams,17,26,-2.5,53.5,False,0
10/10/2021,Arizona Cardinals,San Francisco 49ers,17,10,-6.0,48.5,False,1
10/10/2021,Atlanta Falcons,New York Jets,27,20,-3.0,45.5,True,1
10/10/2021,Carolina Panthers,Philadelphia Eagles,18,21,-2.5,46,False,0
10/10/2021,Cincinnati Bengals,Green Bay Packers,22,25,-2.0,50,False,0
10/10/2021,Dallas Cowboys,New York Giants,44,20,-7.0,52.5,False,1
10/10/2021,Houston Texans,New England Patriots,22,25,-8.0,39,False,0
10/10/2021,Jacksonville Jaguars,Tennessee Titans,19,37,-4.5,49,False,0
10/10/2021,Kansas City Chiefs,Buffalo Bills,20,38,-3.0,57,False,0
10/10/2021,Las Vegas Raiders,Chicago Bears,9,20,-5.5,46,False,0
10/10/2021,Los Angeles Chargers,Cleveland Browns,47,42,-2.5,47,False,1
10/10/2021,Minnesota Vikings,Detroit Lions,19,17,-10.0,49.5,False,1
10/10/2021,Pittsburgh Steelers,Denver Broncos,27,19,-1.5,40,False,1
10/10/2021,Tampa Bay Buccaneers,Miami Dolphins,45,17,-11.0,48,False,1
10/10/2021,Washington Football Team,New Orleans Saints,22,33,-2.5,43.5,False,0
10/11/2021,Baltimore Ravens,Indianapolis Colts,31,25,-7.5,46.5,False,1
10/14/2021,Philadelphia Eagles,Tampa Bay Buccaneers,22,28,-7.0,53,False,0
10/17/2021,Baltimore Ravens,Los Angeles Chargers,34,6,-3.0,51,False,1
10/17/2021,Carolina Panthers,Minnesota Vikings,28,34,-2.5,45.5,False,0
10/17/2021,Chicago Bears,Green Bay Packers,14,24,-5.5,44,False,0
10/17/2021,Cleveland Browns,Arizona Cardinals,14,37,-3.0,48,False,0
10/17/2021,Denver Broncos,Las Vegas Raiders,24,34,-5.0,45,False,0
10/17/2021,Detroit Lions,Cincinnati Bengals,11,34,-3.5,46.5,False,0
10/17/2021,Indianapolis Colts,Houston Texans,31,3,-11.5,45,False,1
10/17/2021,Jacksonville Jaguars,Miami Dolphins,23,20,-1.5,47.5,True,1
10/17/2021,New England Patriots,Dallas Cowboys,29,35,-3.5,50.5,False,0
10/17/2021,New York Giants,Los Angeles Rams,11,38,-7.5,49,False,0
10/17/2021,Pittsburgh Steelers,Seattle Seahawks,23,20,-5.5,43,False,1
10/17/2021,Washington Football Team,Kansas City Chiefs,13,31,-6.5,54,False,0
10/18/2021,Tennessee Titans,Buffalo Bills,34,31,-6.0,53.5,False,1
10/21/2021,Cleveland Browns,Denver Broncos,17,14,-2.0,40,False,1
10/24/2021,Arizona Cardinals,Houston Texans,31,5,-20.0,47.5,False,1
10/24/2021,Baltimore Ravens,Cincinnati Bengals,17,41,-6.5,46,False,0
10/24/2021,Green Bay Packers,Washington Football Team,24,10,-8.5,48,False,1
10/24/2021,Las Vegas Raiders,Philadelphia Eagles,33,22,-1.0,48,False,1
10/24/2021,Los Angeles Rams,Detroit Lions,28,19,-16.0,51,False,1
10/24/2021,Miami Dolphins,Atlanta Falcons,28,30,-1.5,47.5,False,0
10/24/2021,New England Patriots,New York Jets,54,13,-7.0,42.5,False,1
10/24/2021,New York Giants,Carolina Panthers,25,3,-3.0,43,False,1
10/24/2021,San Francisco 49ers,Indianapolis Colts,18,30,-3.5,41.5,False,0
10/24/2021,Tampa Bay Buccaneers,Chicago Bears,38,3,-12.0,47,False,1
10/24/2021,Tennessee Titans,Kansas City Chiefs,27,3,-4.0,58.5,False,1
10/25/2021,Seattle Seahawks,New Orleans Saints,10,13,-6.0,42,False,0
10/28/2021,Arizona Cardinals,Green Bay Packers,21,24,-6.5,51,False,0
10/31/2021,Atlanta Falcons,Carolina Panthers,13,19,-2.5,47,False,0
10/31/2021,Buffalo Bills,Miami Dolphins,26,11,-15.0,48.5,False,1
10/31/2021,Chicago Bears,San Francisco 49ers,22,33,-4.5,40,False,0
10/31/2021,Cleveland Browns,Pittsburgh Steelers,10,15,-5.5,43,False,0
10/31/2021,Denver Broncos,Washington Football Team,17,10,-4.0,45,False,1
10/31/2021,Detroit Lions,Philadelphia Eagles,6,44,-3.0,48,False,0
10/31/2021,Houston Texans,Los Angeles Rams,22,38,-16.5,47,False,0
10/31/2021,Indianapolis Colts,Tennessee Titans,31,34,-3.0,51,False,0
10/31/2021,Los Angeles Chargers,New England Patriots,24,27,-3.5,50.5,False,0
10/31/2021,Minnesota Vikings,Dallas Cowboys,16,20,-4.0,49,False,0
10/31/2021,New Orleans Saints,Tampa Bay Buccaneers,36,27,-4.0,48,False,1
10/31/2021,New York Jets,Cincinnati Bengals,34,31,-11.5,43,False,1
10/31/2021,Seattle Seahawks,Jacksonville Jaguars,31,7,-4.0,44.5,False,1
11/1/2021,Kansas City Chiefs,New York Giants,20,17,-10.5,53,False,1
11/4/2021,Indianapolis Colts,New York Jets,45,30,-10.0,45.5,False,1
11/7/2021,Baltimore Ravens,Minnesota Vikings,34,31,-7.0,51,False,1
11/7/2021,Carolina Panthers,New England Patriots,6,24,-3.5,41.5,False,0
11/7/2021,Cincinnati Bengals,Cleveland Browns,16,41,-2.0,47.5,False,0
11/7/2021,Dallas Cowboys,Denver Broncos,16,30,-10.0,50,False,0
11/7/2021,Jacksonville Jaguars,Buffalo Bills,9,6,-14.5,48.5,False,1
11/7/2021,Kansas City Chiefs,Green Bay Packers,13,7,-7.0,48,False,1
11/7/2021,Los Angeles Rams,Tennessee Titans,16,28,-7.0,53,False,0
11/7/2021,Miami Dolphins,Houston Texans,17,9,-4.0,45,False,1
11/7/2021,New Orleans Saints,Atlanta Falcons,25,27,-6.5,43,False,0
11/7/2021,New York Giants,Las Vegas Raiders,23,16,-3.0,47,False,1
11/7/2021,Philadelphia Eagles,Los Angeles Chargers,24,27,-1.0,49.5,False,0
11/7/2021,San Francisco 49ers,Arizona Cardinals,17,31,-5.5,44.5,False,0
11/8/2021,Pittsburgh Steelers,Chicago Bears,29,27,-7.0,40,False,1
11/11/2021,Miami Dolphins,Baltimore Ravens,22,10,-8.5,47,False,1
11/14/2021,Arizona Cardinals,Carolina Panthers,10,34,-7.0,41.5,False,0
11/14/2021,Dallas Cowboys,Atlanta Falcons,43,3,-7.5,55,False,1
11/14/2021,Denver Broncos,Philadelphia Eagles,13,30,-1.0,44.5,False,0
11/14/2021,Green Bay Packers,Seattle Seahawks,17,0,-3.0,49,False,1
11/14/2021,Indianapolis Colts,Jacksonville Jaguars,23,17,-10.5,48,False,1
11/14/2021,Las Vegas Raiders,Kansas City Chiefs,14,41,-2.5,54,False,0
11/14/2021,Los Angeles Chargers,Minnesota Vikings,20,27,-3.0,53.5,False,0
11/14/2021,New England Patriots,Cleveland Browns,45,7,-2.5,45,False,1
11/14/2021,New York Jets,Buffalo Bills,17,45,-13.5,48.5,False,0
11/14/2021,Pittsburgh Steelers,Detroit Lions,16,16,-6.0,40.5,False,0
11/14/2021,Tennessee Titans,New Orleans Saints,23,21,-3.0,42.5,False,1
11/14/2021,Washington Football Team,Tampa Bay Buccaneers,29,19,-10.0,50.5,False,1
11/15/2021,San Francisco 49ers,Los Angeles Rams,31,10,-3.5,50,False,1
11/18/2021,Atlanta Falcons,New England Patriots,0,25,-7.0,47,False,0
11/21/2021,Buffalo Bills,Indianapolis Colts,15,41,-7.0,49.5,False,0
11/21/2021,Carolina Panthers,Washington Football Team,21,27,-3.0,43,False,0
11/21/2021,Chicago Bears,Baltimore Ravens,13,16,-1.0,40.5,False,0
11/21/2021,Cleveland Browns,Detroit Lions,13,10,-13.5,42.5,False,1
11/21/2021,Jacksonville Jaguars,San Francisco 49ers,10,30,-6.5,45.5,False,0
11/21/2021,Kansas City Chiefs,Dallas Cowboys,19,9,-2.5,56,False,1
11/21/2021,Las Vegas Raiders,Cincinnati Bengals,13,32,-2.0,50.5,False,0
11/21/2021,Los Angeles Chargers,Pittsburgh Steelers,41,37,-6.0,47.5,False,1
11/21/2021,Minnesota Vikings,Green Bay Packers,34,31,-1.0,47,False,1
11/21/2021,New York Jets,Miami Dolphins,17,24,-3.5,44.5,False,0
11/21/2021,Philadelphia Eagles,New Orleans Saints,40,29,-3.0,42,False,1
11/21/2021,Seattle Seahawks,Arizona Cardinals,13,23,-4.5,45,False,0
11/21/2021,Tennessee Titans,Houston Texans,13,22,-10.0,44.5,False,0
11/22/2021,Tampa Bay Buccaneers,New York Giants,30,10,-11.5,50,False,1
11/25/2021,Dallas Cowboys,Las Vegas Raiders,33,36,-7.0,51,False,0
11/25/2021,Detroit Lions,Chicago Bears,14,16,-2.0,41.5,False,0
11/25/2021,New Orleans Saints,Buffalo Bills,6,31,-7.0,45,False,0
11/28/2021,Baltimore Ravens,Cleveland Browns,16,10,-3.0,47.5,False,1
11/28/2021,Cincinnati Bengals,Pittsburgh Steelers,41,10,-3.5,43.5,False,1
11/28/2021,Denver Broncos,Los Angeles Chargers,28,13,-3.0,47,False,1
11/28/2021,Green Bay Packers,Los Angeles Rams,36,28,-2.0,46.5,False,1
11/28/2021,Houston Texans,New York Jets,14,21,-3.0,44.5,False,0
11/28/2021,Indianapolis Colts,Tampa Bay Buccaneers,31,38,-3.0,53,False,0
11/28/2021,Jacksonville Jaguars,Atlanta Falcons,14,21,-1.5,46,False,0
11/28/2021,Miami Dolphins,Carolina Panthers,33,10,-1.0,41,False,1
11/28/2021,New England Patriots,Tennessee Titans,36,13,-7.0,43,False,1
11/28/2021,New York Giants,Philadelphia Eagles,13,7,-4.0,45,False,1
11/28/2021,San Francisco 49ers,Minnesota Vikings,34,26,-4.0,49,False,1
11/29/2021,Washington Football Team,Seattle Seahawks,17,15,-1.5,46.5,False,1
12/2/2021,New Orleans Saints,Dallas Cowboys,17,27,-6.5,45.5,False,0
12/5/2021,Atlanta Falcons,Tampa Bay Buccaneers,17,30,-10.5,51,False,0
12/5/2021,Chicago Bears,Arizona Cardinals,22,33,-7.5,43,False,0
12/5/2021,Cincinnati Bengals,Los Angeles Chargers,22,41,-2.5,49.5,False,0
12/5/2021,Detroit Lions,Minnesota Vikings,29,27,-7.0,47,False,1
12/5/2021,Houston Texans,Indianapolis Colts,0,31,-10.0,45.5,False,0
12/5/2021,Kansas City Chiefs,Denver Broncos,22,9,-8.5,46.5,False,1
12/5/2021,Las Vegas Raiders,Washington Football Team,15,17,-1.5,47.5,False,0
12/5/2021,Los Angeles Rams,Jacksonville Jaguars,37,7,-14.0,48,False,1
12/5/2021,Miami Dolphins,New York Giants,20,9,-7.0,40,False,1
12/5/2021,New York Jets,Philadelphia Eagles,18,33,-5.0,44,False,0
12/5/2021,Pittsburgh Steelers,Baltimore Ravens,20,19,-4.0,44,False,1
12/5/2021,Seattle Seahawks,San Francisco 49ers,30,23,-3.0,45,False,1
12/6/2021,Buffalo Bills,New England Patriots,10,14,-3.0,39.5,False,0
12/9/2021,Minnesota Vikings,Pittsburgh Steelers,36,28,-3.5,45,False,1
12/12/2021,Carolina Panthers,Atlanta Falcons,21,29,-2.5,41.5,False,0
12/12/2021,Cincinnati Bengals,San Francisco 49ers,23,26,-1.5,49,False,0
12/12/2021,Cleveland Browns,Baltimore Ravens,24,22,-3.0,44,False,1
12/12/2021,Denver Broncos,Detroit Lions,38,10,-12.5,42,False,1
12/12/2021,Green Bay Packers,Chicago Bears,45,30,-12.0,43,False,1
12/12/2021,Houston Texans,Seattle Seahawks,13,33,-9.5,41,False,0
12/12/2021,Kansas City Chiefs,Las Vegas Raiders,48,9,-9.5,48,False,1
12/12/2021,Los Angeles Chargers,New York Giants,37,21,-9.0,43.5,False,1
12/12/2021,New York Jets,New Orleans Saints,9,30,-4.5,42,False,0
12/12/2021,Tampa Bay Buccaneers,Buffalo Bills,33,27,-3.5,52.5,False,1
12/12/2021,Tennessee Titans,Jacksonville Jaguars,20,0,-8.5,44.5,False,1
12/12/2021,Washington Football Team,Dallas Cowboys,20,27,-6.5,48,False,0
12/13/2021,Arizona Cardinals,Los Angeles Rams,23,30,-3.0,51,False,0
12/16/2021,Los Angeles Chargers,Kansas City Chiefs,28,34,-3.0,54,False,0
12/18/2021,Indianapolis Colts,New England Patriots,27,17,-1.5,46,False,1
12/19/2021,Baltimore Ravens,Green Bay Packers,30,31,-9.0,45.5,False,0
12/19/2021,Buffalo Bills,Carolina Panthers,31,14,-14.5,43,False,1
12/19/2021,Denver Broncos,Cincinnati Bengals,10,15,-3.0,44,False,0
12/19/2021,Detroit Lions,Arizona Cardinals,30,12,-13.0,48.5,False,1
12/19/2021,Jacksonville Jaguars,Houston Texans,16,30,-6.0,40,False,0
12/19/2021,Miami Dolphins,New York Jets,31,24,-10.0,42,False,1
12/19/2021,New York Giants,Dallas Cowboys,6,21,-12.0,43.5,False,0
12/19/2021,Pittsburgh Steelers,Tennessee Titans,19,13,-1.0,44,False,1
12/19/2021,San Francisco 49ers,Atlanta Falcons,31,13,-9.0,47.5,False,1
12/19/2021,Tampa Bay Buccaneers,New Orleans Saints,0,9,-11.5,45.5,False,0
12/20/2021,Chicago Bears,Minnesota Vikings,9,17,-7.0,47,False,0
12/20/2021,Cleveland Browns,Las Vegas Raiders,14,16,-1.0,40.5,False,0
12/21/2021,Los Angeles Rams,Seattle Seahawks,20,10,-7.0,47,False,1
12/21/2021,Philadelphia Eagles,Washington Football Team,27,17,-10.0,39.5,False,1
12/23/2021,Tennessee Titans,San Francisco 49ers,20,17,-3.5,45.5,False,1
12/25/2021,Arizona Cardinals,Indianapolis Colts,16,22,-3.0,48,False,0
12/25/2021,Green Bay Packers,Cleveland Browns,24,22,-7.5,46.5,False,1
12/26/2021,Atlanta Falcons,Detroit Lions,20,16,-7.5,42.5,False,1
12/26/2021,Carolina Panthers,Tampa Bay Buccaneers,6,32,-11.0,44.5,False,0
12/26/2021,Cincinnati Bengals,Baltimore Ravens,41,21,-7.5,43.5,False,1
12/26/2021,Dallas Cowboys,Washington Football Team,56,14,-10.0,46,False,1
12/26/2021,Houston Texans,Los Angeles Chargers,41,29,-13.0,45.5,False,1
12/26/2021,Kansas City Chiefs,Pittsburgh Steelers,36,10,-10.0,44.5,False,1
12/26/2021,Las Vegas Raiders,Denver Broncos,17,13,-1.0,41.5,False,1
12/26/2021,Minnesota Vikings,Los Angeles Rams,23,30,-3.0,48.5,False,0
12/26/2021,New England Patriots,Buffalo Bills,21,33,-1.0,43.5,False,0
12/26/2021,New York Jets,Jacksonville Jaguars,26,21,-2.5,43,False,1
12/26/2021,Philadelphia Eagles,New York Giants,34,10,-11.0,41,False,1
12/26/2021,Seattle Seahawks,Chicago Bears,24,25,-7.0,41,False,0
12/27/2021,New Orleans Saints,Miami Dolphins,3,20,-3.0,37.5,False,0
1/2/2022,Baltimore Ravens,Los Angeles Rams,19,20,-7.0,46.5,False,0
1/2/2022,Buffalo Bills,Atlanta Falcons,29,15,-14.0,46,False,1
1/2/2022,Chicago Bears,New York Giants,29,3,-6.5,36.5,False,1
1/2/2022,Cincinnati Bengals,Kansas City Chiefs,34,31,-3.5,51,False,1
1/2/2022,Dallas Cowboys,Arizona Cardinals,22,25,-6.5,52.5,False,0
1/2/2022,Green Bay Packers,Minnesota Vikings,37,10,-13.0,42.5,False,1
1/2/2022,Indianapolis Colts,Las Vegas Raiders,20,23,-8.5,46.5,False,0
1/2/2022,Los Angeles Chargers,Denver Broncos,34,13,-7.5,46,False,1
1/2/2022,New England Patriots,Jacksonville Jaguars,50,10,-17.5,41.5,False,1
1/2/2022,New Orleans Saints,Carolina Panthers,18,10,-7.0,37,False,1
1/2/2022,New York Jets,Tampa Bay Buccaneers,24,28,-14.0,47.5,False,0
1/2/2022,San Francisco 49ers,Houston Texans,23,7,-13.5,44.5,False,1
1/2/2022,Seattle Seahawks,Detroit Lions,51,29,-8.5,41.5,False,1
1/2/2022,Tennessee Titans,Miami Dolphins,34,3,-3.0,41,False,1
1/2/2022,Washington Football Team,Philadelphia Eagles,16,20,-4.5,44.5,False,0
1/3/2022,Pittsburgh Steelers,Cleveland Browns,26,14,-2.0,42,False,1
1/8/2022,Denver Broncos,Kansas City Chiefs,24,28,-11.5,44.5,False,0
1/8/2022,Philadelphia Eagles,Dallas Cowboys,26,51,-6.0,46.5,False,0
1/9/2022,Arizona Cardinals,Seattle Seahawks,30,38,-5.0,48.5,False,0
1/9/2022,Atlanta Falcons,New Orleans Saints,20,30,-4.5,40,False,0
1/9/2022,Baltimore Ravens,Pittsburgh Steelers,13,16,-3.0,41,False,0
1/9/2022,Buffalo Bills,New York Jets,27,10,-16.0,42,False,1
1/9/2022,Cleveland Browns,Cincinnati Bengals,21,16,-6.5,38,False,1
1/9/2022,Detroit Lions,Green Bay Packers,37,30,-4.0,45,False,1
1/9/2022,Houston Texans,Tennessee Titans,25,28,-10.5,43,False,0
1/9/2022,Jacksonville Jaguars,Indianapolis Colts,26,11,-14.0,43,False,1
1/9/2022,Las Vegas Raiders,Los Angeles Chargers,35,32,-3.0,49.5,False,1
1/9/2022,Los Angeles Rams,San Francisco 49ers,24,27,-3.5,46.5,False,0
1/9/2022,Miami Dolphins,New England Patriots,33,24,-6.0,41,False,1
1/9/2022,Minnesota Vikings,Chicago Bears,31,17,-3.5,44.5,False,1
1/9/2022,New York Giants,Washington Football Team,7,22,-6.0,36,False,0
1/9/2022,Tampa Bay Buccaneers,Carolina Panthers,41,17,-10.5,43.5,False,1
1/15/2022,Buffalo Bills,New England Patriots,47,17,-4.5,43,False,1
1/15/2022,Cincinnati Bengals,Las Vegas Raiders,26,19,-6.0,48.5,False,1
1/16/2022,Dallas Cowboys,San Francisco 49ers,17,23,-3.5,51,False,0
1/16/2022,Kansas City Chiefs,Pittsburgh Steelers,42,21,-12.5,47,False,1
1/16/2022,Tampa Bay Buccaneers,Philadelphia Eagles,31,15,-7.0,47,False,1
1/17/2022,Los Angeles Rams,Arizona Cardinals,34,11,-3.5,49,False,1
1/22/2022,Green Bay Packers,San Francisco 49ers,10,13,-5.5,47,False,0
1/22/2022,Tennessee Titans,Cincinnati Bengals,16,19,-4.0,48.5,False,0
1/23/2022,Kansas City Chiefs,Buffalo Bills,42,36,-2.5,54,False,1
1/23/2022,Tampa Bay Buccaneers,Los Angeles Rams,27,30,-3.0,48,False,0
1/30/2022,Kansas City Chiefs,Cincinnati Bengals,24,27,-7.0,54.5,False,0
1/30/2022,Los Angeles Rams,San Francisco 49ers,20,17,-3.5,46,False,1
2/13/2022,Cincinnati Bengals,Los Angeles Rams,20,23,-4.5,48.5,True,0
9/8/2022,Los Angeles Rams,Buffalo Bills,10,31,-2.0,52,False,0
9/11/2022,Arizona Cardinals,Kansas City Chiefs,21,44,-6.0,54,False,0
9/11/2022,Atlanta Falcons,New Orleans Saints,26,27,-5.5,44,False,0
9/11/2022,Carolina Panthers,Cleveland Browns,24,26,-1.0,42,False,0
9/11/2022,Chicago Bears,San Francisco 49ers,19,10,-6.5,38,False,1
9/11/2022,Cincinnati Bengals,Pittsburgh Steelers,20,23,-7.0,44.5,False,0
9/11/2022,Dallas Cowboys,Tampa Bay Buccaneers,3,19,-2.5,49.5,False,0
9/11/2022,Detroit Lions,Philadelphia Eagles,35,38,-5.5,48.5,False,0
9/11/2022,Houston Texans,Indianapolis Colts,20,20,-7.0,45.5,False,0
9/11/2022,Los Angeles Chargers,Las Vegas Raiders,24,19,-3.5,52.5,False,1
9/11/2022,Miami Dolphins,New England Patriots,20,7,-3.0,46.5,False,1
9/11/2022,Minnesota Vikings,Green Bay Packers,23,7,-2.0,46.5,False,1
9/11/2022,New York Jets,Baltimore Ravens,9,24,-6.5,44,False,0
9/11/2022,Tennessee Titans,New York Giants,20,21,-5.5,44,False,0
9/11/2022,Washington Commanders,Jacksonville Jaguars,28,22,-3.0,43,False,1
9/12/2022,Seattle Seahawks,Denver Broncos,17,16,-6.0,44,False,1
9/15/2022,Kansas City Chiefs,Los Angeles Chargers,27,24,-4.0,52.5,False,1
9/18/2022,Baltimore Ravens,Miami Dolphins,38,42,-3.5,44,False,0
9/18/2022,Cleveland Browns,New York Jets,30,31,-6.5,38.5,False,0
9/18/2022,Dallas Cowboys,Cincinnati Bengals,20,17,-7.0,42,False,1
9/18/2022,Denver Broncos,Houston Texans,16,9,-10.0,45.5,False,1
9/18/2022,Detroit Lions,Washington Commanders,36,27,-1.0,48,False,1
9/18/2022,Green Bay Packers,Chicago Bears,27,10,-10.0,42,False,1
9/18/2022,Jacksonville Jaguars,Indianapolis Colts,24,0,-3.0,43.5,False,1
9/18/2022,Las Vegas Raiders,Arizona Cardinals,23,29,-5.5,52,False,0
9/18/2022,Los Angeles Rams,Atlanta Falcons,31,27,-10.0,46,False,1
9/18/2022,New Orleans Saints,Tampa Bay Buccaneers,10,20,-2.5,43.5,False,0
9/18/2022,New York Giants,Carolina Panthers,19,16,-1.0,43.5,False,1
9/18/2022,Pittsburgh Steelers,New England Patriots,14,17,-3.0,40,False,0
9/18/2022,San Francisco 49ers,Seattle Seahawks,27,7,-8.5,39.5,False,1
9/19/2022,Buffalo Bills,Tennessee Titans,41,7,-10.0,47.5,False,1
9/19/2022,Philadelphia Eagles,Minnesota Vikings,24,7,-2.5,49.5,False,1
9/22/2022,Cleveland Browns,Pittsburgh Steelers,29,17,-4.5,38,False,1
9/25/2022,Arizona Cardinals,Los Angeles Rams,12,20,-3.5,48.5,False,0
9/25/2022,Carolina Panthers,New Orleans Saints,22,14,-2.0,41,False,1
9/25/2022,Chicago Bears,Houston Texans,23,20,-3.0,39,False,1
9/25/2022,Denver Broncos,San Francisco 49ers,11,10,-1.5,45,False,1
9/25/2022,Indianapolis Colts,Kansas City Chiefs,20,17,-5.0,51,False,1
9/25/2022,Los Angeles Chargers,Jacksonville Jaguars,10,38,-6.5,46.5,False,0
9/25/2022,Miami Dolphins,Buffalo Bills,21,19,-4.0,54.5,False,1
9/25/2022,Minnesota Vikings,Detroit Lions,28,24,-6.5,51.5,False,1
9/25/2022,New England Patriots,Baltimore Ravens,26,37,-2.5,44.5,False,0
9/25/2022,New York Jets,Cincinnati Bengals,12,27,-6.5,46,False,0
9/25/2022,Seattle Seahawks,Atlanta Falcons,23,27,-1.0,43.5,False,0
9/25/2022,Tampa Bay Buccaneers,Green Bay Packers,12,14,-1.5,42,False,0
9/25/2022,Tennessee Titans,Las Vegas Raiders,24,22,-2.0,45.5,False,1
9/25/2022,Washington Commanders,Philadelphia Eagles,8,24,-6.0,47.5,False,0
9/26/2022,New York Giants,Dallas Cowboys,16,23,-1.0,38.5,False,0
9/29/2022,Cincinnati Bengals,Miami Dolphins,27,15,-4.0,49,False,1
10/2/2022,Atlanta Falcons,Cleveland Browns,23,20,-1.0,48.5,False,1
10/2/2022,Baltimore Ravens,Buffalo Bills,20,23,-3.0,50,False,0
10/2/2022,Carolina Panthers,Arizona Cardinals,16,26,-1.0,43.5,False,0
10/2/2022,Dallas Cowboys,Washington Commanders,25,10,-3.0,41,False,1
10/2/2022,Detroit Lions,Seattle Seahawks,45,48,-3.5,48.5,False,0
10/2/2022,Green Bay Packers,New England Patriots,27,24,-9.5,40,False,1
10/2/2022,Houston Texans,Los Angeles Chargers,24,34,-5.5,45,False,0
10/2/2022,Indianapolis Colts,Tennessee Titans,17,24,-3.5,43,False,0
10/2/2022,Las Vegas Raiders,Denver Broncos,32,23,-2.5,45.5,False,1
10/2/2022,New Orleans Saints,Minnesota Vikings,25,28,-4.0,42,True,0
10/2/2022,New York Giants,Chicago Bears,20,12,-3.0,39.5,False,1
10/2/2022,Philadelphia Eagles,Jacksonville Jaguars,29,21,-6.5,44,False,1
10/2/2022,Pittsburgh Steelers,New York Jets,20,24,-3.0,41,False,0
10/2/2022,Tampa Bay Buccaneers,Kansas City Chiefs,31,41,-1.5,47.5,False,0
10/3/2022,San Francisco 49ers,Los Angeles Rams,24,9,-1.5,42.5,False,1
10/6/2022,Denver Broncos,Indianapolis Colts,9,12,-3.0,42,False,0
10/9/2022,Arizona Cardinals,Philadelphia Eagles,17,20,-5.5,49,False,0
10/9/2022,Baltimore Ravens,Cincinnati Bengals,19,17,-3.0,48,False,1
10/9/2022,Buffalo Bills,Pittsburgh Steelers,38,3,-14.0,44.5,False,1
10/9/2022,Carolina Panthers,San Francisco 49ers,15,37,-6.0,40,False,0
10/9/2022,Cleveland Browns,Los Angeles Chargers,28,30,-1.5,46.5,False,0
10/9/2022,Green Bay Packers,New York Giants,22,27,-9.0,42,True,0
10/9/2022,Jacksonville Jaguars,Houston Texans,6,13,-7.0,43.5,False,0
10/9/2022,Los Angeles Rams,Dallas Cowboys,10,22,-5.0,41.5,False,0
10/9/2022,Minnesota Vikings,Chicago Bears,29,22,-8.5,44,False,1
10/9/2022,New England Patriots,Detroit Lions,29,0,-3.0,47,False,1
10/9/2022,New Orleans Saints,Seattle Seahawks,39,32,-5.5,45,False,1
10/9/2022,New York Jets,Miami Dolphins,40,17,-3.0,46,False,1
10/9/2022,Tampa Bay Buccaneers,Atlanta Falcons,21,15,-10.5,46,False,1
10/9/2022,Washington Commanders,Tennessee Titans,17,21,-1.0,43,False,0
10/10/2022,Kansas City Chiefs,Las Vegas Raiders,30,29,-7.0,51.5,False,1
10/13/2022,Chicago Bears,Washington Commanders,7,12,-1.0,38,False,0
10/16/2022,Atlanta Falcons,San Francisco 49ers,28,14,-4.0,45.5,False,1
10/16/2022,Cleveland Browns,New England Patriots,15,38,-2.5,43,False,0
10/16/2022,Green Bay Packers,New York Jets,10,27,-7.5,45,False,0
10/16/2022,Indianapolis Colts,Jacksonville Jaguars,34,27,-1.0,41,False,1
10/16/2022,Kansas City Chiefs,Buffalo Bills,20,24,-2.5,54,False,0
10/16/2022,Los Angeles Rams,Carolina Panthers,24,10,-10.0,41,False,1
10/16/2022,Miami Dolphins,Minnesota Vikings,16,24,-3.0,45,False,0
10/16/2022,New Orleans Saints,Cincinnati Bengals,26,30,-3.0,42.5,False,0
10/16/2022,New York Giants,Baltimore Ravens,24,20,-5.5,45.5,False,1
10/16/2022,Philadelphia Eagles,Dallas Cowboys,26,17,-6.5,42.5,False,1
10/16/2022,Pittsburgh Steelers,Tampa Bay Buccaneers,20,18,-10.0,46.5,False,1
10/16/2022,Seattle Seahawks,Arizona Cardinals,19,9,-2.5,50.5,False,1
10/17/2022,Los Angeles Chargers,Denver Broncos,19,16,-4.0,45.5,False,1
10/20/2022,Arizona Cardinals,New Orleans Saints,42,34,-2.5,43.5,False,1
10/23/2022,Baltimore Ravens,Cleveland Browns,23,20,-6.5,46.5,False,1
10/23/2022,Carolina Panthers,Tampa Bay Buccaneers,21,3,-13.0,39.5,False,1
10/23/2022,Cincinnati Bengals,Atlanta Falcons,35,17,-6.5,47.5,False,1
10/23/2022,Dallas Cowboys,Detroit Lions,24,6,-7.0,49.5,False,1
10/23/2022,Denver Broncos,New York Jets,9,16,-2.0,37,False,0
10/23/2022,Jacksonville Jaguars,New York Giants,17,23,-3.0,43.5,False,0
10/23/2022,Las Vegas Raiders,Houston Texans,38,20,-7.0,46,False,1
10/23/2022,Los Angeles Chargers,Seattle Seahawks,23,37,-4.5,51,False,0
10/23/2022,Miami Dolphins,Pittsburgh Steelers,16,10,-7.0,44,False,1
10/23/2022,San Francisco 49ers,Kansas City Chiefs,23,44,-1.0,49,False,0
10/23/2022,Tennessee Titans,Indianapolis Colts,19,10,-2.5,42.5,False,1
10/23/2022,Washington Commanders,Green Bay Packers,23,21,-4.0,41.5,False,1
10/24/2022,New England Patriots,Chicago Bears,14,33,-8.5,40,False,0
10/27/2022,Tampa Bay Buccaneers,Baltimore Ravens,22,27,-2.0,46,False,0
10/30/2022,Atlanta Falcons,Carolina Panthers,37,34,-4.0,41,False,1
10/30/2022,Buffalo Bills,Green Bay Packers,27,17,-10.5,47,False,1
10/30/2022,Dallas Cowboys,Chicago Bears,49,29,-10.0,42.5,False,1
10/30/2022,Detroit Lions,Miami Dolphins,27,31,-3.5,52,False,0
10/30/2022,Houston Texans,Tennessee Titans,10,17,-1.0,39.5,False,0
10/30/2022,Indianapolis Colts,Washington Commanders,16,17,-3.0,40,False,0
10/30/2022,Jacksonville Jaguars,Denver Broncos,17,21,-1.0,40.5,True,0
10/30/2022,Los Angeles Rams,San Francisco 49ers,14,31,-1.0,42,False,0
10/30/2022,Minnesota Vikings,Arizona Cardinals,34,26,-4.0,48.5,False,1
10/30/2022,New Orleans Saints,Las Vegas Raiders,24,0,-1.0,48.5,False,1
10/30/2022,New York Jets,New England Patriots,17,22,-3.0,40,False,0
10/30/2022,Philadelphia Eagles,Pittsburgh Steelers,35,13,-11.5,43,False,1
10/30/2022,Seattle Seahawks,New York Giants,27,13,-3.0,44.5,False,1
10/31/2022,Cleveland Browns,Cincinnati Bengals,32,13,-3.0,45,False,1
11/3/2022,Houston Texans,Philadelphia Eagles,17,29,-14.0,45.5,False,0
11/6/2022,Arizona Cardinals,Seattle Seahawks,21,31,-2.0,49,False,0
11/6/2022,Atlanta Falcons,Los Angeles Chargers,17,20,-2.5,49.5,False,0
11/6/2022,Chicago Bears,Miami Dolphins,32,35,-4.0,46,False,0
11/6/2022,Cincinnati Bengals,Carolina Panthers,42,21,-7.0,42.5,False,1
11/6/2022,Detroit Lions,Green Bay Packers,15,9,-4.0,49.5,False,1
11/6/2022,Jacksonville Jaguars,Las Vegas Raiders,27,20,-2.5,48,False,1
11/6/2022,Kansas City Chiefs,Tennessee Titans,20,17,-14.0,45,False,1
11/6/2022,New England Patriots,Indianapolis Colts,26,3,-5.0,40,False,1
11/6/2022,New York Jets,Buffalo Bills,20,17,-10.5,46,False,1
11/6/2022,Tampa Bay Buccaneers,Los Angeles Rams,16,13,-3.0,42.5,False,1
11/6/2022,Washington Commanders,Minnesota Vikings,17,20,-3.0,43.5,False,0
11/7/2022,New Orleans Saints,Baltimore Ravens,13,27,-1.5,46,False,0
11/10/2022,Carolina Panthers,Atlanta Falcons,25,15,-2.5,41.5,False,1
11/13/2022,Buffalo Bills,Minnesota Vikings,30,33,-6.0,46,False,0
11/13/2022,Chicago Bears,Detroit Lions,30,31,-3.0,48.5,False,0
11/13/2022,Green Bay Packers,Dallas Cowboys,31,28,-3.5,44.5,False,1
11/13/2022,Kansas City Chiefs,Jacksonville Jaguars,27,17,-9.5,51.5,False,1
11/13/2022,Las Vegas Raiders,Indianapolis Colts,20,25,-4.0,41,False,0
11/13/2022,Los Angeles Rams,Arizona Cardinals,17,27,-3.5,38,False,0
11/13/2022,Miami Dolphins,Cleveland Browns,39,17,-3.0,49.5,False,1
11/13/2022,New York Giants,Houston Texans,24,16,-4.5,41,False,1
11/13/2022,Pittsburgh Steelers,New Orleans Saints,20,10,-1.0,39.5,False,1
11/13/2022,San Francisco 49ers,Los Angeles Chargers,22,16,-8.0,45.5,False,1
11/13/2022,Tampa Bay Buccaneers,Seattle Seahawks,21,16,-2.5,45,True,1
11/13/2022,Tennessee Titans,Denver Broncos,17,10,-2.5,39.5,False,1
11/14/2022,Philadelphia Eagles,Washington Commanders,21,32,-11.0,43,False,0
11/17/2022,Green Bay Packers,Tennessee Titans,17,27,-3.0,40.5,False,0
11/20/2022,Atlanta Falcons,Chicago Bears,27,24,-2.5,48.5,False,1
11/20/2022,Baltimore Ravens,Carolina Panthers,13,3,-12.5,41.5,False,1
11/20/2022,Buffalo Bills,Cleveland Browns,31,23,-7.5,50.5,True,1
11/20/2022,Denver Broncos,Las Vegas Raiders,16,22,-2.5,41.5,False,0
11/20/2022,Houston Texans,Washington Commanders,10,23,-3.0,41,False,0
11/20/2022,Indianapolis Colts,Philadelphia Eagles,16,17,-6.0,45,False,0
11/20/2022,Los Angeles Chargers,Kansas City Chiefs,27,30,-5.5,53,False,0
11/20/2022,Minnesota Vikings,Dallas Cowboys,3,40,-2.0,48.5,False,0
11/20/2022,New England Patriots,New York Jets,10,3,-3.5,38,False,1
11/20/2022,New Orleans Saints,Los Angeles Rams,27,20,-2.5,39.5,False,1
11/20/2022,New York Giants,Detroit Lions,18,31,-3.0,44.5,False,0
11/20/2022,Pittsburgh Steelers,Cincinnati Bengals,30,37,-3.5,39.5,False,0
11/21/2022,Arizona Cardinals,San Francisco 49ers,10,38,-10.0,43,True,0
11/24/2022,Dallas Cowboys,New York Giants,28,20,-10.0,45.5,False,1
11/24/2022,Detroit Lions,Buffalo Bills,25,28,-9.5,55,False,0
11/24/2022,Minnesota Vikings,New England Patriots,33,26,-2.5,41.5,False,1
11/27/2022,Arizona Cardinals,Los Angeles Chargers,24,25,-2.5,48.5,False,0
11/27/2022,Carolina Panthers,Denver Broncos,23,10,-1.0,36,False,1
11/27/2022,Cleveland Browns,Tampa Bay Buccaneers,23,17,-3.0,42,False,1
11/27/2022,Jacksonville Jaguars,Baltimore Ravens,28,27,-3.5,43,False,1
11/27/2022,Kansas City Chiefs,Los Angeles Rams,26,10,-15.5,42,False,1
11/27/2022,Miami Dolphins,Houston Texans,30,15,-14.0,47.5,False,1
11/27/2022,New York Jets,Chicago Bears,31,10,-7.5,37.5,False,1
11/27/2022,Philadelphia Eagles,Green Bay Packers,40,33,-6.5,46.5,False,1
11/27/2022,San Francisco 49ers,New Orleans Saints,13,0,-8.5,43.5,False,1
11/27/2022,Seattle Seahawks,Las Vegas Raiders,34,40,-4.0,47.5,False,0
11/27/2022,Tennessee Titans,Cincinnati Bengals,16,20,-1.0,42,False,0
11/27/2022,Washington Commanders,Atlanta Falcons,19,13,-3.5,40,False,1
11/28/2022,Indianapolis Colts,Pittsburgh Steelers,17,24,-2.5,39.5,False,0
12/1/2022,New England Patriots,Buffalo Bills,10,24,-4.0,44,False,0
12/4/2022,Atlanta Falcons,Pittsburgh Steelers,16,19,-1.5,43,False,0
12/4/2022,Baltimore Ravens,Denver Broncos,10,9,-9.0,40,False,1
12/4/2022,Chicago Bears,Green Bay Packers,19,28,-3.5,45,False,0
12/4/2022,Cincinnati Bengals,Kansas City Chiefs,27,24,-2.5,53.5,False,1
12/4/2022,Dallas Cowboys,Indianapolis Colts,54,19,-11.0,44.5,False,1
12/4/2022,Detroit Lions,Jacksonville Jaguars,40,14,-1.0,51,False,1
12/4/2022,Houston Texans,Cleveland Browns,14,27,-7.5,46.5,False,0
12/4/2022,Las Vegas Raiders,Los Angeles Chargers,27,20,-2.5,49.5,False,1
12/4/2022,Los Angeles Rams,Seattle Seahawks,23,27,-6.5,41,False,0
12/4/2022,Minnesota Vikings,New York Jets,27,22,-3.0,44,False,1
12/4/2022,New York Giants,Washington Commanders,20,20,-2.5,40.5,False,0
12/4/2022,Philadelphia Eagles,Tennessee Titans,35,10,-4.5,44.5,False,1
12/4/2022,San Francisco 49ers,Miami Dolphins,33,17,-5.0,45.5,False,1
12/5/2022,Tampa Bay Buccaneers,New Orleans Saints,17,16,-3.0,40.5,False,1
12/8/2022,Los Angeles Rams,Las Vegas Raiders,17,16,-6.5,41.5,False,1
12/11/2022,Buffalo Bills,New York Jets,20,12,-10.0,43.5,False,1
12/11/2022,Cincinnati Bengals,Cleveland Browns,23,10,-4.0,47,False,1
12/11/2022,Dallas Cowboys,Houston Texans,27,23,-17.0,44.5,False,1
12/11/2022,Denver Broncos,Kansas City Chiefs,28,34,-9.0,44,False,0
12/11/2022,Detroit Lions,Minnesota Vikings,34,23,-2.0,51.5,False,1
12/11/2022,Los Angeles Chargers,Miami Dolphins,23,17,-3.0,55,False,1
12/11/2022,New York Giants,Philadelphia Eagles,22,48,-7.0,44.5,False,0
12/11/2022,Pittsburgh Steelers,Baltimore Ravens,14,16,-2.0,37,False,0
12/11/2022,San Francisco 49ers,Tampa Bay Buccaneers,35,7,-3.5,38.5,False,1
12/11/2022,Seattle Seahawks,Carolina Panthers,24,30,-4.0,44,False,0
12/11/2022,Tennessee Titans,Jacksonville Jaguars,22,36,-3.0,41.5,False,0
12/12/2022,Arizona Cardinals,New England Patriots,13,27,-2.5,44,False,0
12/15/2022,Seattle Seahawks,San Francisco 49ers,13,21,-3.0,42.5,False,0
12/17/2022,Buffalo Bills,Miami Dolphins,32,29,-7.0,43.5,False,1
12/17/2022,Cleveland Browns,Baltimore Ravens,13,3,-3.0,39,False,1
12/17/2022,Minnesota Vikings,Indianapolis Colts,39,36,-3.5,47,False,1
12/18/2022,Carolina Panthers,Pittsburgh Steelers,16,24,-2.5,37,False,0
12/18/2022,Chicago Bears,Philadelphia Eagles,20,25,-8.5,48,False,0
12/18/2022,Denver Broncos,Arizona Cardinals,24,15,-1.5,37,False,1
12/18/2022,Houston Texans,Kansas City Chiefs,24,30,-14.5,48.5,False,0
12/18/2022,Jacksonville Jaguars,Dallas Cowboys,40,34,-4.0,48,False,1
12/18/2022,Las Vegas Raiders,New England Patriots,30,24,-2.5,45.5,False,1
12/18/2022,Los Angeles Chargers,Tennessee Titans,17,14,-3.0,46.5,False,1
12/18/2022,New Orleans Saints,Atlanta Falcons,21,18,-5.0,43.5,False,1
12/18/2022,New York Jets,Detroit Lions,17,20,-2.0,44,False,0
12/18/2022,Tampa Bay Buccaneers,Cincinnati Bengals,23,34,-3.5,47.5,False,0
12/18/2022,Washington Commanders,New York Giants,12,20,-4.0,40.5,False,0
12/19/2022,Green Bay Packers,Los Angeles Rams,24,12,-7.5,39.5,False,1
12/22/2022,New York Jets,Jacksonville Jaguars,3,19,-2.5,36.5,False,0
12/24/2022,Baltimore Ravens,Atlanta Falcons,17,9,-6.5,35,False,1
12/24/2022,Carolina Panthers,Detroit Lions,37,23,-2.5,43.5,False,1
12/24/2022,Chicago Bears,Buffalo Bills,13,35,-8.0,40.5,False,0
12/24/2022,Cleveland Browns,New Orleans Saints,10,17,-3.0,32,False,0
12/24/2022,Dallas Cowboys,Philadelphia Eagles,40,34,-4.0,48,False,1
12/24/2022,Kansas City Chiefs,Seattle Seahawks,24,10,-10.0,50.5,False,1
12/24/2022,Minnesota Vikings,New York Giants,27,24,-4.5,48,False,1
12/24/2022,New England Patriots,Cincinnati Bengals,18,22,-3.0,41.5,False,0
12/24/2022,Pittsburgh Steelers,Las Vegas Raiders,13,10,-2.0,38,False,1
12/24/2022,San Francisco 49ers,Washington Commanders,37,20,-6.5,37,False,1
12/24/2022,Tennessee Titans,Houston Texans,14,19,-3.0,34,False,0
12/25/2022,Arizona Cardinals,Tampa Bay Buccaneers,16,19,-7.5,41.5,False,0
12/25/2022,Los Angeles Rams,Denver Broncos,51,14,-3.0,36,False,1
12/25/2022,Miami Dolphins,Green Bay Packers,20,26,-3.5,49.5,False,0
12/26/2022,Indianapolis Colts,Los Angeles Chargers,3,20,-3.5,44.5,False,0
12/29/2022,Tennessee Titans,Dallas Cowboys,13,27,-14.0,40.5,False,0
1/1/2023,Atlanta Falcons,Arizona Cardinals,20,19,-6.5,40.5,False,1
1/1/2023,Baltimore Ravens,Pittsburgh Steelers,13,16,-1.0,35.5,False,0
1/1/2023,Detroit Lions,Chicago Bears,41,10,-4.5,52.5,False,1
1/1/2023,Green Bay Packers,Minnesota Vikings,41,17,-3.5,47.5,False,1
1/1/2023,Houston Texans,Jacksonville Jaguars,3,31,-3.5,43,False,0
1/1/2023,Kansas City Chiefs,Denver Broncos,27,24,-12.5,45.5,False,1
1/1/2023,Las Vegas Raiders,San Francisco 49ers,34,37,-10.0,41,False,0
1/1/2023,Los Angeles Chargers,Los Angeles Rams,31,10,-6.5,41,False,1
1/1/2023,New England Patriots,Miami Dolphins,23,21,-3.0,41.5,False,1
1/1/2023,New York Giants,Indianapolis Colts,38,10,-5.5,38.5,False,1
1/1/2023,Philadelphia Eagles,New Orleans Saints,10,20,-5.0,42,False,0
1/1/2023,Seattle Seahawks,New York Jets,23,6,-1.5,43,False,1
1/1/2023,Tampa Bay Buccaneers,Carolina Panthers,30,24,-3.5,40.5,False,1
1/1/2023,Washington Commanders,Cleveland Browns,10,24,-2.0,41.5,False,0
1/7/2023,Jacksonville Jaguars,Tennessee Titans,20,16,-6.5,39.5,False,1
1/7/2023,Las Vegas Raiders,Kansas City Chiefs,13,31,-8.5,52,False,0
1/8/2023,Atlanta Falcons,Tampa Bay Buccaneers,30,17,-6.0,40.5,False,1
1/8/2023,Buffalo Bills,New England Patriots,35,23,-8.0,44,False,1
1/8/2023,Chicago Bears,Minnesota Vikings,13,29,-6.5,42.5,False,0
1/8/2023,Cincinnati Bengals,Baltimore Ravens,27,16,-11.0,39,False,1
1/8/2023,Denver Broncos,Los Angeles Chargers,31,28,-6.5,39,False,1
1/8/2023,Green Bay Packers,Detroit Lions,16,20,-4.0,48,False,0
1/8/2023,Indianapolis Colts,Houston Texans,31,32,-3.0,37.5,False,0
1/8/2023,Miami Dolphins,New York Jets,11,6,-3.5,37.5,False,1
1/8/2023,New Orleans Saints,Carolina Panthers,7,10,-3.5,41.5,False,0
1/8/2023,Philadelphia Eagles,New York Giants,22,16,-17.0,43,False,1
1/8/2023,Pittsburgh Steelers,Cleveland Browns,28,14,-2.5,40,False,1
1/8/2023,San Francisco 49ers,Arizona Cardinals,38,13,-14.5,40,False,1
1/8/2023,Seattle Seahawks,Los Angeles Rams,19,16,-4.5,43,False,1
1/8/2023,Washington Commanders,Dallas Cowboys,26,6,-7.5,41,False,1
1/14/2023,Jacksonville Jaguars,Los Angeles Chargers,31,30,-2.5,46.5,False,1
1/14/2023,San Francisco 49ers,Seattle Seahawks,41,23,-9.5,42,False,1
1/15/2023,Buffalo Bills,Miami Dolphins,34,31,-14.0,44.5,False,1
1/15/2023,Cincinnati Bengals,Baltimore Ravens,24,17,-8.0,40,False,1
1/15/2023,Minnesota Vikings,New York Giants,24,31,-2.5,48,False,0
1/16/2023,Tampa Bay Buccaneers,Dallas Cowboys,14,31,-2.5,45.5,False,0
1/21/2023,Kansas City Chiefs,Jacksonville Jaguars,27,20,-9.5,52,False,1
1/21/2023,Philadelphia Eagles,New York Giants,38,7,-8.0,48,False,1
1/22/2023,Buffalo Bills,Cincinnati Bengals,10,27,-6.0,48.5,False,0
1/22/2023,San Francisco 49ers,Dallas Cowboys,19,12,-3.5,46.5,False,1
1/29/2023,Kansas City Chiefs,Cincinnati Bengals,23,20,-1.5,48,False,1
1/29/2023,Philadelphia Eagles,San Francisco 49ers,31,7,-2.5,45.5,False,1
2/12/2023,Philadelphia Eagles,Kansas City Chiefs,35,38,-1.0,51,True,0
9/7/2023,Kansas City Chiefs,Detroit Lions,20,21,-4.5,53,False,0
9/10/2023,Atlanta Falcons,Carolina Panthers,24,10,-3.5,39.5,False,1
9/10/2023,Baltimore Ravens,Houston Texans,25,9,-9.5,43.5,False,1
9/10/2023,Chicago Bears,Green Bay Packers,20,38,-1.0,41.5,False,0
9/10/2023,Cleveland Browns,Cincinnati Bengals,24,3,-2.0,47.5,False,1
9/10/2023,Denver Broncos,Las Vegas Raiders,16,17,-3.5,43,False,0
9/10/2023,Indianapolis Colts,Jacksonville Jaguars,21,31,-4.5,46,False,0
9/10/2023,Los Angeles Chargers,Miami Dolphins,34,36,-3.0,51,False,0
9/10/2023,Minnesota Vikings,Tampa Bay Buccaneers,17,20,-5.0,46,False,0
9/10/2023,New England Patriots,Philadelphia Eagles,20,25,-3.5,44.5,False,0
9/10/2023,New Orleans Saints,Tennessee Titans,16,15,-3.0,41.5,False,1
9/10/2023,New York Giants,Dallas Cowboys,0,40,-3.5,45,False,0
9/10/2023,Pittsburgh Steelers,San Francisco 49ers,7,30,-2.0,41.5,False,0
9/10/2023,Seattle Seahawks,Los Angeles Rams,13,30,-5.0,46,False,0
9/10/2023,Washington Commanders,Arizona Cardinals,20,16,-7.0,38,False,1
9/11/2023,New York Jets,Buffalo Bills,22,16,-2.0,45.5,False,1
9/14/2023,Philadelphia Eagles,Minnesota Vikings,34,28,-6.0,49,False,1
9/17/2023,Arizona Cardinals,New York Giants,28,31,-4.0,39.5,False,0
9/17/2023,Atlanta Falcons,Green Bay Packers,25,24,-1.5,40,False,1
9/17/2023,Buffalo Bills,Las Vegas Raiders,38,10,-8.0,47,False,1
9/17/2023,Cincinnati Bengals,Baltimore Ravens,24,27,-3.0,45.5,False,0
9/17/2023,Dallas Cowboys,New York Jets,30,10,-8.5,38.5,False,1
9/17/2023,Denver Broncos,Washington Commanders,33,35,-3.5,38.5,False,0
9/17/2023,Detroit Lions,Seattle Seahawks,31,37,-4.5,47,False,0
9/17/2023,Houston Texans,Indianapolis Colts,20,31,-1.0,39.5,False,0
9/17/2023,Jacksonville Jaguars,Kansas City Chiefs,9,17,-3.0,51,False,0
9/17/2023,Los Angeles Rams,San Francisco 49ers,23,30,-7.5,45,False,0
9/17/2023,New England Patriots,Miami Dolphins,17,24,-2.5,46.5,False,0
9/17/2023,Tampa Bay Buccaneers,Chicago Bears,27,17,-2.5,41,False,1
9/17/2023,Tennessee Titans,Los Angeles Chargers,27,24,-2.5,45.5,False,1
9/18/2023,Carolina Panthers,New Orleans Saints,17,20,-3.0,39.5,False,0
9/18/2023,Pittsburgh Steelers,Cleveland Browns,26,22,-2.0,38,False,1
9/21/2023,San Francisco 49ers,New York Giants,30,12,-10.0,44,False,1
9/24/2023,Arizona Cardinals,Dallas Cowboys,28,16,-13.0,43,False,1
9/24/2023,Baltimore Ravens,Indianapolis Colts,19,22,-8.0,43,False,0
9/24/2023,Cleveland Browns,Tennessee Titans,27,3,-3.5,38.5,False,1
9/24/2023,Detroit Lions,Atlanta Falcons,20,6,-3.0,46,False,1
9/24/2023,Green Bay Packers,New Orleans Saints,18,17,-1.0,42,False,1
9/24/2023,Jacksonville Jaguars,Houston Texans,17,37,-7.5,43.5,False,0
9/24/2023,Kansas City Chiefs,Chicago Bears,41,10,-12.5,48,False,1
9/24/2023,Las Vegas Raiders,Pittsburgh Steelers,18,23,-2.5,43,False,0
9/24/2023,Miami Dolphins,Denver Broncos,70,20,-6.0,47,False,1
9/24/2023,Minnesota Vikings,Los Angeles Chargers,24,28,-1.0,54,False,0
9/24/2023,New York Jets,New England Patriots,10,15,-2.5,36,False,0
9/24/2023,Seattle Seahawks,Carolina Panthers,37,27,-5.0,42,False,1
9/24/2023,Washington Commanders,Buffalo Bills,3,37,-6.0,43,False,0
9/25/2023,Cincinnati Bengals,Los Angeles Rams,19,16,-2.0,43.5,False,1
9/25/2023,Tampa Bay Buccaneers,Philadelphia Eagles,11,25,-5.0,45,False,0
9/28/2023,Green Bay Packers,Detroit Lions,20,34,-1.5,46,False,0
10/1/2023,Buffalo Bills,Miami Dolphins,48,20,-2.5,53.5,False,1
10/1/2023,Carolina Panthers,Minnesota Vikings,13,21,-4.5,46.5,False,0
10/1/2023,Chicago Bears,Denver Broncos,28,31,-3.0,46.5,False,0
10/1/2023,Cleveland Browns,Baltimore Ravens,3,28,-2.5,38.5,False,0
10/1/2023,Dallas Cowboys,New England Patriots,38,3,-6.0,43.5,False,1
10/1/2023,Houston Texans,Pittsburgh Steelers,30,6,-3.0,42,False,1
10/1/2023,Indianapolis Colts,Los Angeles Rams,23,29,-1.0,45.5,False,0
10/1/2023,Jacksonville Jaguars,Atlanta Falcons,23,7,-3.0,42.5,True,1
10/1/2023,Los Angeles Chargers,Las Vegas Raiders,24,17,-6.0,48,False,1
10/1/2023,New Orleans Saints,Tampa Bay Buccaneers,9,26,-3.5,40,False,0
10/1/2023,New York Jets,Kansas City Chiefs,20,23,-8.5,41.5,False,0
10/1/2023,Philadelphia Eagles,Washington Commanders,34,31,-9.0,43,False,1
10/1/2023,San Francisco 49ers,Arizona Cardinals,35,16,-14.0,43.5,False,1
10/1/2023,Tennessee Titans,Cincinnati Bengals,27,3,-2.5,41,False,1
10/2/2023,New York Giants,Seattle Seahawks,3,24,-1.5,47,False,0
10/5/2023,Washington Commanders,Chicago Bears,20,40,-6.0,44.5,False,0
10/8/2023,Arizona Cardinals,Cincinnati Bengals,20,34,-3.0,45,False,0
10/8/2023,Atlanta Falcons,Houston Texans,21,19,-2.5,42,False,1
10/8/2023,Buffalo Bills,Jacksonville Jaguars,20,25,-5.0,48.5,True,0
10/8/2023,Denver Broncos,New York Jets,21,31,-2.0,42.5,False,0
10/8/2023,Detroit Lions,Carolina Panthers,42,24,-9.0,43.5,False,1
10/8/2023,Indianapolis Colts,Tennessee Titans,23,16,-2.5,43.5,False,1
10/8/2023,Los Angeles Rams,Philadelphia Eagles,14,23,-3.5,50.5,False,0
10/8/2023,Miami Dolphins,New York Giants,31,16,-13.0,47.5,False,1
10/8/2023,Minnesota Vikings,Kansas City Chiefs,20,27,-3.5,52.5,False,0
10/8/2023,New England Patriots,New Orleans Saints,0,34,-1.5,38.5,False,0
10/8/2023,Pittsburgh Steelers,Baltimore Ravens,17,10,-4.5,38.5,False,1
10/8/2023,San Francisco 49ers,Dallas Cowboys,42,10,-3.5,45.5,False,1
10/9/2023,Las Vegas Raiders,Green Bay Packers,17,13,-2.0,45,False,1
10/12/2023,Kansas City Chiefs,Denver Broncos,19,8,-10.5,47.5,False,1
10/15/2023,Atlanta Falcons,Washington Commanders,16,24,-1.5,42,False,0
10/15/2023,Buffalo Bills,New York Giants,14,9,-15.0,43.5,False,1
10/15/2023,Chicago Bears,Minnesota Vikings,13,19,-3.0,44.5,False,0
10/15/2023,Cincinnati Bengals,Seattle Seahawks,17,13,-3.0,45.5,False,1
10/15/2023,Cleveland Browns,San Francisco 49ers,19,17,-9.5,36,False,1
10/15/2023,Houston Texans,New Orleans Saints,20,13,-2.5,41.5,False,1
10/15/2023,Jacksonville Jaguars,Indianapolis Colts,37,20,-4.0,44,False,1
10/15/2023,Las Vegas Raiders,New England Patriots,21,17,-3.0,41.5,False,1
10/15/2023,Los Angeles Rams,Arizona Cardinals,26,9,-7.0,48,False,1
10/15/2023,Miami Dolphins,Carolina Panthers,42,21,-14.0,47.5,False,1
10/15/2023,New York Jets,Philadelphia Eagles,20,14,-6.5,43.5,False,1
10/15/2023,Tampa Bay Buccaneers,Detroit Lions,6,20,-3.0,43,False,0
10/15/2023,Tennessee Titans,Baltimore Ravens,16,24,-5.5,42.5,True,0
10/16/2023,Los Angeles Chargers,Dallas Cowboys,17,20,-1.0,50,False,0
10/19/2023,New Orleans Saints,Jacksonville Jaguars,24,31,-2.5,41,False,0
10/22/2023,Baltimore Ravens,Detroit Lions,38,6,-3.0,43.5,False,1
10/22/2023,Chicago Bears,Las Vegas Raiders,30,12,-2.5,38.5,False,1
10/22/2023,Denver Broncos,Green Bay Packers,19,17,-1.5,44,False,1
10/22/2023,Indianapolis Colts,Cleveland Browns,38,39,-3.5,39.5,False,0
10/22/2023,Kansas City Chiefs,Los Angeles Chargers,31,17,-5.5,48.5,False,1
10/22/2023,Los Angeles Rams,Pittsburgh Steelers,17,24,-3.5,44,False,0
10/22/2023,New England Patriots,Buffalo Bills,29,25,-7.5,41,False,1
10/22/2023,New York Giants,Washington Commanders,14,7,-3.0,37,False,1
10/22/2023,Philadelphia Eagles,Miami Dolphins,31,17,-3.0,52,False,1
10/22/2023,Seattle Seahawks,Arizona Cardinals,20,10,-9.0,43.5,False,1
10/22/2023,Tampa Bay Buccaneers,Atlanta Falcons,13,16,-3.0,37.5,False,0
10/23/2023,Minnesota Vikings,San Francisco 49ers,22,17,-7.0,44,False,1
10/26/2023,Buffalo Bills,Tampa Bay Buccaneers,24,18,-10.0,43,False,1
10/29/2023,Arizona Cardinals,Baltimore Ravens,24,31,-9.5,45,False,0
10/29/2023,Carolina Panthers,Houston Texans,15,13,-3.5,43,False,1
10/29/2023,Dallas Cowboys,Los Angeles Rams,43,20,-7.0,45.5,False,1
10/29/2023,Denver Broncos,Kansas City Chiefs,24,9,-7.0,45.5,False,1
10/29/2023,Green Bay Packers,Minnesota Vikings,10,24,-1.5,41.5,False,0
10/29/2023,Indianapolis Colts,New Orleans Saints,27,38,-2.0,43.5,False,0
10/29/2023,Los Angeles Chargers,Chicago Bears,30,13,-9.5,46,False,1
10/29/2023,Miami Dolphins,New England Patriots,31,17,-8.0,47,False,1
10/29/2023,New York Giants,New York Jets,10,13,-3.0,34.5,False,0
10/29/2023,Pittsburgh Steelers,Jacksonville Jaguars,10,20,-2.5,40.5,False,0
10/29/2023,San Francisco 49ers,Cincinnati Bengals,17,31,-4.0,44,False,0
10/29/2023,Seattle Seahawks,Cleveland Browns,24,20,-4.0,38.5,False,1
10/29/2023,Tennessee Titans,Atlanta Falcons,28,23,-2.5,35.5,False,1
10/29/2023,Washington Commanders,Philadelphia Eagles,31,38,-7.0,43,False,0
10/30/2023,Detroit Lions,Las Vegas Raiders,26,14,-7.0,46,False,1
11/2/2023,Pittsburgh Steelers,Tennessee Titans,20,16,-3.0,37,False,1
11/5/2023,Atlanta Falcons,Minnesota Vikings,28,31,-3.5,39,False,0
11/5/2023,Baltimore Ravens,Seattle Seahawks,37,3,-6.0,44.5,False,1
11/5/2023,Carolina Panthers,Indianapolis Colts,13,27,-1.5,45,False,0
11/5/2023,Cincinnati Bengals,Buffalo Bills,24,18,-1.5,51,False,1
11/5/2023,Cleveland Browns,Arizona Cardinals,27,0,-13.0,38,False,1
11/5/2023,Green Bay Packers,Los Angeles Rams,20,3,-3.5,37.5,False,1
11/5/2023,Houston Texans,Tampa Bay Buccaneers,39,37,-2.5,40,False,1
11/5/2023,Kansas City Chiefs,Miami Dolphins,21,14,-1.0,51,True,1
11/5/2023,Las Vegas Raiders,New York Giants,30,6,-1.5,38.5,False,1
11/5/2023,New England Patriots,Washington Commanders,17,20,-3.0,40.5,False,0
11/5/2023,New Orleans Saints,Chicago Bears,24,17,-9.0,42,False,1
11/5/2023,Philadelphia Eagles,Dallas Cowboys,28,23,-3.0,46.5,False,1
11/6/2023,New York Jets,Los Angeles Chargers,6,27,-3.0,41,False,0
11/9/2023,Chicago Bears,Carolina Panthers,16,13,-3.5,38,False,1
11/12/2023,Arizona Cardinals,Atlanta Falcons,25,23,-2.0,43.5,False,1
11/12/2023,Baltimore Ravens,Cleveland Browns,31,33,-6.0,38,False,0
11/12/2023,Cincinnati Bengals,Houston Texans,27,30,-5.5,45.5,False,0
11/12/2023,Dallas Cowboys,New York Giants,49,17,-17.5,39,False,1
11/12/2023,Jacksonville Jaguars,San Francisco 49ers,3,34,-3.0,44.5,False,0
11/12/2023,Las Vegas Raiders,New York Jets,16,12,-1.0,35.5,False,1
11/12/2023,Los Angeles Chargers,Detroit Lions,38,41,-2.5,48.5,False,0
11/12/2023,Minnesota Vikings,New Orleans Saints,27,19,-3.0,40.5,False,1
11/12/2023,New England Patriots,Indianapolis Colts,6,10,-1.5,42.5,True,0
11/12/2023,Pittsburgh Steelers,Green Bay Packers,23,19,-3.0,38.5,False,1
11/12/2023,Seattle Seahawks,Washington Commanders,29,26,-6.0,44,False,1
11/12/2023,Tampa Bay Buccaneers,Tennessee Titans,20,6,-2.5,39,False,1
11/13/2023,Buffalo Bills,Denver Broncos,22,24,-7.5,47.5,False,0
11/16/2023,Baltimore Ravens,Cincinnati Bengals,34,20,-4.0,46.5,False,1
11/19/2023,Buffalo Bills,New York Jets,32,6,-8.5,39,False,1
11/19/2023,Carolina Panthers,Dallas Cowboys,10,33,-11.0,43,False,0
11/19/2023,Cleveland Browns,Pittsburgh Steelers,13,10,-2.0,34.5,False,1
11/19/2023,Denver Broncos,Minnesota Vikings,21,20,-2.5,43,False,1
11/19/2023,Detroit Lions,Chicago Bears,31,26,-8.0,48,False,1
11/19/2023,Green Bay Packers,Los Angeles Chargers,23,20,-3.0,44,False,1
11/19/2023,Houston Texans,Arizona Cardinals,21,16,-5.0,48,False,1
11/19/2023,Jacksonville Jaguars,Tennessee Titans,34,14,-6.5,40,False,1
11/19/2023,Los Angeles Rams,Seattle Seahawks,17,16,-2.0,46,False,1
11/19/2023,Miami Dolphins,Las Vegas Raiders,20,13,-14.0,44.5,False,1
11/19/2023,San Francisco 49ers,Tampa Bay Buccaneers,27,14,-13.5,41.5,False,1
11/19/2023,Washington Commanders,New York Giants,19,31,-8.5,39,False,0
11/20/2023,Kansas City Chiefs,Philadelphia Eagles,17,21,-2.5,46,False,0
11/23/2023,Dallas Cowboys,Washington Commanders,45,10,-13.0,48,False,1
11/23/2023,Detroit Lions,Green Bay Packers,22,29,-8.5,47,False,0
11/23/2023,Seattle Seahawks,San Francisco 49ers,13,31,-7.0,43,False,0
11/24/2023,New York Jets,Miami Dolphins,13,34,-9.5,40,False,0
11/26/2023,Arizona Cardinals,Los Angeles Rams,14,37,-3.0,45,False,0
11/26/2023,Atlanta Falcons,New Orleans Saints,24,15,-2.0,42,False,1
11/26/2023,Cincinnati Bengals,Pittsburgh Steelers,10,16,-2.0,37,False,0
11/26/2023,Denver Broncos,Cleveland Browns,29,12,-1.5,37.5,False,1
11/26/2023,Houston Texans,Jacksonville Jaguars,21,24,-1.5,47.5,False,0
11/26/2023,Indianapolis Colts,Tampa Bay Buccaneers,27,20,-2.5,45,False,1
11/26/2023,Las Vegas Raiders,Kansas City Chiefs,17,31,-9.0,42.5,False,0
11/26/2023,Los Angeles Chargers,Baltimore Ravens,10,20,-3.0,49,False,0
11/26/2023,New York Giants,New England Patriots,10,7,-4.5,36,False,1
11/26/2023,Philadelphia Eagles,Buffalo Bills,37,34,-2.5,48.5,False,1
11/26/2023,Tennessee Titans,Carolina Panthers,17,10,-3.5,35.5,False,1
11/27/2023,Minnesota Vikings,Chicago Bears,10,12,-3.0,43.5,False,0
11/30/2023,Dallas Cowboys,Seattle Seahawks,41,35,-9.5,47.5,False,1
12/3/2023,Green Bay Packers,Kansas City Chiefs,27,19,-6.0,44,False,1
12/3/2023,Houston Texans,Denver Broncos,22,17,-3.0,47,False,1
12/3/2023,Los Angeles Rams,Cleveland Browns,36,19,-3.5,39.5,False,1
12/3/2023,New England Patriots,Los Angeles Chargers,0,6,-4.5,39,False,0
12/3/2023,New Orleans Saints,Detroit Lions,28,33,-4.0,47.5,False,0
12/3/2023,New York Jets,Atlanta Falcons,8,13,-2.0,33,False,0
12/3/2023,Philadelphia Eagles,San Francisco 49ers,19,42,-3.0,46.5,False,0
12/3/2023,Pittsburgh Steelers,Arizona Cardinals,10,24,-6.0,41,False,0
12/3/2023,Tampa Bay Buccaneers,Carolina Panthers,14,10,-3.5,36.5,False,1
12/3/2023,Tennessee Titans,Indianapolis Colts,28,31,-1.0,42,False,0
12/3/2023,Washington Commanders,Miami Dolphins,15,45,-9.0,49.5,False,0
12/4/2023,Jacksonville Jaguars,Cincinnati Bengals,31,34,-10.0,41,False,0
12/7/2023,Pittsburgh Steelers,New England Patriots,18,21,-5.0,30.5,False,0
12/10/2023,Atlanta Falcons,Tampa Bay Buccaneers,25,29,-1.5,41.5,False,0
12/10/2023,Baltimore Ravens,Los Angeles Rams,37,31,-7.5,42,False,1
12/10/2023,Chicago Bears,Detroit Lions,28,13,-3.0,44.5,False,1
12/10/2023,Cincinnati Bengals,Indianapolis Colts,34,14,-3.0,44.5,False,1
12/10/2023,Cleveland Browns,Jacksonville Jaguars,31,27,-2.0,37.5,False,1
12/10/2023,Dallas Cowboys,Philadelphia Eagles,33,13,-3.5,52.5,False,1
12/10/2023,Kansas City Chiefs,Buffalo Bills,17,20,-2.0,49.5,False,0
12/10/2023,Las Vegas Raiders,Minnesota Vikings,0,3,-3.0,40.5,False,0
12/10/2023,Los Angeles Chargers,Denver Broncos,7,24,-3.0,46,False,0
12/10/2023,New Orleans Saints,Carolina Panthers,28,6,-5.0,39,False,1
12/10/2023,New York Jets,Houston Texans,30,6,-3.0,33.5,False,1
12/10/2023,San Francisco 49ers,Seattle Seahawks,28,16,-14.5,44.5,False,1
12/11/2023,Miami Dolphins,Tennessee Titans,27,28,-13.5,45,False,0
12/11/2023,New York Giants,Green Bay Packers,24,22,-5.5,37,False,1
12/14/2023,Las Vegas Raiders,Los Angeles Chargers,63,21,-3.0,35.5,False,1
12/16/2023,Cincinnati Bengals,Minnesota Vikings,27,24,-3.0,41,False,1
12/16/2023,Detroit Lions,Denver Broncos,42,17,-5.0,49,False,1
12/16/2023,Indianapolis Colts,Pittsburgh Steelers,30,13,-1.0,41.5,False,1
12/17/2023,Arizona Cardinals,San Francisco 49ers,29,45,-11.5,48.5,False,0
12/17/2023,Buffalo Bills,Dallas Cowboys,31,10,-2.5,49,False,1
12/17/2023,Carolina Panthers,Atlanta Falcons,9,7,-2.5,32,False,1
12/17/2023,Cleveland Browns,Chicago Bears,20,17,-3.0,37.5,False,1
12/17/2023,Green Bay Packers,Tampa Bay Buccaneers,20,34,-4.0,41.5,False,0
12/17/2023,Jacksonville Jaguars,Baltimore Ravens,7,23,-4.0,42.5,False,0
12/17/2023,Los Angeles Rams,Washington Commanders,28,20,-6.5,48.5,False,1
12/17/2023,Miami Dolphins,New York Jets,30,0,-7.0,35.5,False,1
12/17/2023,New England Patriots,Kansas City Chiefs,17,27,-9.5,39.5,False,0
12/17/2023,New Orleans Saints,New York Giants,24,6,-6.0,39.5,False,1
12/17/2023,Tennessee Titans,Houston Texans,16,19,-3.0,38,False,0
12/18/2023,Seattle Seahawks,Philadelphia Eagles,20,17,-4.0,46.5,False,1
12/21/2023,Los Angeles Rams,New Orleans Saints,30,22,-4.0,45,False,1
12/23/2023,Los Angeles Chargers,Buffalo Bills,22,24,-12.5,44.5,False,0
12/23/2023,Pittsburgh Steelers,Cincinnati Bengals,34,11,-3.0,39,False,1
12/24/2023,Atlanta Falcons,Indianapolis Colts,29,10,-2.5,44.5,False,1
12/24/2023,Carolina Panthers,Green Bay Packers,30,33,-3.5,38.5,False,0
12/24/2023,Chicago Bears,Arizona Cardinals,27,16,-4.5,42,False,1
12/24/2023,Denver Broncos,New England Patriots,23,26,-7.0,37.5,False,0
12/24/2023,Houston Texans,Cleveland Browns,22,36,-3.0,40,False,0
12/24/2023,Miami Dolphins,Dallas Cowboys,22,20,-1.5,48.5,False,1
12/24/2023,Minnesota Vikings,Detroit Lions,24,30,-2.5,47.5,False,0
12/24/2023,New York Jets,Washington Commanders,30,28,-3.0,37,False,1
12/24/2023,Tampa Bay Buccaneers,Jacksonville Jaguars,30,12,-2.0,43,False,1
12/24/2023,Tennessee Titans,Seattle Seahawks,17,20,-3.0,42,False,0
12/25/2023,Kansas City Chiefs,Las Vegas Raiders,14,20,-11.0,40.5,False,0
12/25/2023,Philadelphia Eagles,New York Giants,33,25,-14.0,41.5,False,1
12/25/2023,San Francisco 49ers,Baltimore Ravens,19,33,-6.5,47.5,False,0
12/28/2023,Cleveland Browns,New York Jets,37,20,-7.0,33.5,False,1
12/30/2023,Dallas Cowboys,Detroit Lions,20,19,-4.0,53,False,1
12/31/2023,Baltimore Ravens,Miami Dolphins,56,19,-3.0,46.5,False,1
12/31/2023,Buffalo Bills,New England Patriots,27,21,-14.5,40,False,1
12/31/2023,Chicago Bears,Atlanta Falcons,37,17,-2.5,39,False,1
12/31/2023,Denver Broncos,Los Angeles Chargers,16,9,-3.5,39,False,1
12/31/2023,Houston Texans,Tennessee Titans,26,3,-5.0,44,False,1
12/31/2023,Indianapolis Colts,Las Vegas Raiders,23,20,-3.5,42,False,1
12/31/2023,Jacksonville Jaguars,Carolina Panthers,26,0,-3.5,37.5,False,1
12/31/2023,Kansas City Chiefs,Cincinnati Bengals,25,17,-7.0,46.5,False,1
12/31/2023,Minnesota Vikings,Green Bay Packers,10,33,-1.0,42.5,False,0
12/31/2023,New York Giants,Los Angeles Rams,25,26,-6.0,43.5,False,0
12/31/2023,Philadelphia Eagles,Arizona Cardinals,31,35,-12.5,48,False,0
12/31/2023,Seattle Seahawks,Pittsburgh Steelers,23,30,-4.0,40.5,False,0
12/31/2023,Tampa Bay Buccaneers,New Orleans Saints,13,23,-2.5,42.5,False,0
12/31/2023,Washington Commanders,San Francisco 49ers,10,27,-14.0,48.5,False,0
1/6/2024,Baltimore Ravens,Pittsburgh Steelers,10,17,-3.0,34,False,0
1/7/2024,Arizona Cardinals,Seattle Seahawks,20,21,-3.0,48,False,0
1/7/2024,Carolina Panthers,Tampa Bay Buccaneers,0,9,-4.5,36.5,False,0
1/7/2024,Cincinnati Bengals,Cleveland Browns,31,14,-7.0,37,False,1
1/7/2024,Detroit Lions,Minnesota Vikings,30,20,-4.0,47.5,False,1
1/7/2024,Green Bay Packers,Chicago Bears,17,9,-2.5,46,False,1
1/7/2024,Indianapolis Colts,Houston Texans,19,23,-1.0,47.5,False,0
1/7/2024,Las Vegas Raiders,Denver Broncos,27,14,-3.5,37.5,False,1
1/7/2024,Los Angeles Chargers,Kansas City Chiefs,12,13,-3.5,35,False,0
1/7/2024,Miami Dolphins,Buffalo Bills,14,21,-2.5,48,False,0
1/7/2024,New England Patriots,New York Jets,3,17,-2.0,28.5,False,0
1/7/2024,New Orleans Saints,Atlanta Falcons,48,17,-3.0,41.5,False,1
1/7/2024,New York Giants,Philadelphia Eagles,27,10,-5.0,43.5,False,1
1/7/2024,San Francisco 49ers,Los Angeles Rams,20,21,-5.5,40,False,0
1/7/2024,Tennessee Titans,Jacksonville Jaguars,28,20,-3.5,41.5,False,1
1/7/2024,Washington Commanders,Dallas Cowboys,10,38,-13.0,47.5,False,0
1/13/2024,Houston Texans,Cleveland Browns,45,14,-2.5,45,False,1
1/13/2024,Kansas City Chiefs,Miami Dolphins,26,7,-4.5,43.5,False,1
1/14/2024,Dallas Cowboys,Green Bay Packers,32,48,-7.0,52.5,False,0
1/14/2024,Detroit Lions,Los Angeles Rams,24,23,-3.0,53,False,1
1/15/2024,Buffalo Bills,Pittsburgh Steelers,31,17,-9.0,33,False,1
1/15/2024,Tampa Bay Buccaneers,Philadelphia Eagles,32,9,-3.0,43,False,1
1/20/2024,Baltimore Ravens,Houston Texans,34,10,-10.0,44,False,1
1/20/2024,San Francisco 49ers,Green Bay Packers,24,21,-10.0,50.5,False,1
1/21/2024,Buffalo Bills,Kansas City Chiefs,24,27,-2.5,46,False,0
1/21/2024,Detroit Lions,Tampa Bay Buccaneers,31,23,-6.0,49.5,False,1
1/28/2024,Baltimore Ravens,Kansas City Chiefs,10,17,-4.5,44,False,0
1/28/2024,San Francisco 49ers,Detroit Lions,34,31,-7.5,53.5,False,1
2/11/2024,Kansas City Chiefs,San Francisco 49ers,25,22,-2.0,47,True,1
9/5/2024,Kansas City Chiefs,Baltimore Ravens,27,20,-3.0,47,False,1
9/6/2024,Philadelphia Eagles,Green Bay Packers,34,29,-2.0,49.5,True,1
9/8/2024,Atlanta Falcons,Pittsburgh Steelers,10,18,-3.5,42,False,0
9/8/2024,Buffalo Bills,Arizona Cardinals,34,28,-6.5,46.5,False,1
9/8/2024,Chicago Bears,Tennessee Titans,24,17,-4.0,44.5,False,1
9/8/2024,Cincinnati Bengals,New England Patriots,10,16,-8.0,41,False,0
9/8/2024,Cleveland Browns,Dallas Cowboys,17,33,-2.5,41,False,0
9/8/2024,Detroit Lions,Los Angeles Rams,26,20,-4.5,52.5,False,1
9/8/2024,Indianapolis Colts,Houston Texans,27,29,-3.0,48.5,False,0
9/8/2024,Los Angeles Chargers,Las Vegas Raiders,22,10,-3.0,40,False,1
9/8/2024,Miami Dolphins,Jacksonville Jaguars,20,17,-3.5,49,False,1
9/8/2024,New Orleans Saints,Carolina Panthers,47,10,-4.0,41.5,False,1
9/8/2024,New York Giants,Minnesota Vikings,6,28,-1.5,41,False,0
9/8/2024,Seattle Seahawks,Denver Broncos,26,20,-6.0,42,False,1
9/8/2024,Tampa Bay Buccaneers,Washington Commanders,37,20,-3.5,42.5,False,1
9/9/2024,San Francisco 49ers,New York Jets,32,19,-3.5,43.5,False,1
9/12/2024,Miami Dolphins,Buffalo Bills,10,31,-2.5,48.5,False,0
9/15/2024,Arizona Cardinals,Los Angeles Rams,41,10,-1.0,47.5,False,1
9/15/2024,Baltimore Ravens,Las Vegas Raiders,23,26,-8.5,41.5,False,0
9/15/2024,Carolina Panthers,Los Angeles Chargers,3,26,-4.5,38.5,False,0
9/15/2024,Dallas Cowboys,New Orleans Saints,19,44,-6.5,47,False,0
9/15/2024,Denver Broncos,Pittsburgh Steelers,6,13,-2.5,36.5,False,0
9/15/2024,Detroit Lions,Tampa Bay Buccaneers,16,20,-7.5,51.5,False,0
9/15/2024,Green Bay Packers,Indianapolis Colts,16,10,-2.5,41.5,False,1
9/15/2024,Houston Texans,Chicago Bears,19,13,-6.0,45.5,False,1
9/15/2024,Jacksonville Jaguars,Cleveland Browns,13,18,-3.0,41.5,False,0
9/15/2024,Kansas City Chiefs,Cincinnati Bengals,26,25,-6.5,47.5,False,1
9/15/2024,Minnesota Vikings,San Francisco 49ers,23,17,-4.5,46.5,False,1
9/15/2024,New England Patriots,Seattle Seahawks,20,23,-3.0,38.5,False,0
9/15/2024,Tennessee Titans,New York Jets,17,24,-4.0,41.5,False,0
9/15/2024,Washington Commanders,New York Giants,21,18,-1.5,42.5,False,1
9/16/2024,Philadelphia Eagles,Atlanta Falcons,21,22,-5.5,46.5,False,0
9/19/2024,New York Jets,New England Patriots,24,3,-6.0,39,False,1
9/22/2024,Arizona Cardinals,Detroit Lions,13,20,-3.0,51.5,False,0
9/22/2024,Atlanta Falcons,Kansas City Chiefs,17,22,-3.5,46.5,False,0
9/22/2024,Cleveland Browns,New York Giants,15,21,-6.5,38,False,0
9/22/2024,Dallas Cowboys,Baltimore Ravens,25,28,-1.5,47.5,False,0
9/22/2024,Indianapolis Colts,Chicago Bears,21,16,-1.5,43.5,False,1
9/22/2024,Las Vegas Raiders,Carolina Panthers,22,36,-5.5,40,False,0
9/22/2024,Los Angeles Rams,San Francisco 49ers,27,24,-6.0,44.5,False,1
9/22/2024,Minnesota Vikings,Houston Texans,34,7,-2.0,46.5,False,1
9/22/2024,New Orleans Saints,Philadelphia Eagles,12,15,-2.5,49.5,False,0
9/22/2024,Pittsburgh Steelers,Los Angeles Chargers,20,10,-2.5,35.5,False,1
9/22/2024,Seattle Seahawks,Miami Dolphins,24,3,-4.0,41.5,False,1
9/22/2024,Tampa Bay Buccaneers,Denver Broncos,7,26,-6.0,40.5,False,0
9/22/2024,Tennessee Titans,Green Bay Packers,14,30,-3.0,37,False,0
9/23/2024,Buffalo Bills,Jacksonville Jaguars,47,10,-4.0,46.5,False,1
9/23/2024,Cincinnati Bengals,Washington Commanders,33,38,-7.5,46,False,0
9/26/2024,New York Giants,Dallas Cowboys,15,20,-5.0,44.5,False,0
9/29/2024,Arizona Cardinals,Washington Commanders,14,42,-3.5,48.5,False,0
9/29/2024,Atlanta Falcons,New Orleans Saints,26,24,-2.5,42.5,False,1
9/29/2024,Baltimore Ravens,Buffalo Bills,35,10,-2.5,47.5,False,1
9/29/2024,Carolina Panthers,Cincinnati Bengals,24,34,-4.5,47,False,0
9/29/2024,Chicago Bears,Los Angeles Rams,24,18,-3.0,40.5,False,1
9/29/2024,Green Bay Packers,Minnesota Vikings,29,31,-2.5,44.5,False,0
9/29/2024,Houston Texans,Jacksonville Jaguars,24,20,-5.5,44.5,False,1
9/29/2024,Indianapolis Colts,Pittsburgh Steelers,27,24,-2.5,40.5,False,1
9/29/2024,Las Vegas Raiders,Cleveland Browns,20,16,-2.5,37,False,1
9/29/2024,Los Angeles Chargers,Kansas City Chiefs,10,17,-7.0,41.5,False,0
9/29/2024,New York Jets,Denver Broncos,9,10,-8.0,39.5,False,0
9/29/2024,San Francisco 49ers,New England Patriots,30,13,-10.5,41.5,False,1
9/29/2024,Tampa Bay Buccaneers,Philadelphia Eagles,33,16,-1.0,42.5,False,1
9/30/2024,Detroit Lions,Seattle Seahawks,42,29,-4.0,47,False,1
9/30/2024,Miami Dolphins,Tennessee Titans,12,31,-2.5,38,False,0
10/3/2024,Atlanta Falcons,Tampa Bay Buccaneers,36,30,-2.5,44,False,1
10/6/2024,Chicago Bears,Carolina Panthers,36,10,-4.0,40.5,False,1
10/6/2024,Cincinnati Bengals,Baltimore Ravens,38,41,-2.5,48,False,0
10/6/2024,Denver Broncos,Las Vegas Raiders,34,18,-3.0,36,False,1
10/6/2024,Houston Texans,Buffalo Bills,23,20,-1.0,47.5,False,1
10/6/2024,Jacksonville Jaguars,Indianapolis Colts,37,34,-3.5,45,False,1
10/6/2024,Los Angeles Rams,Green Bay Packers,19,24,-3.0,49.5,False,0
10/6/2024,Minnesota Vikings,New York Jets,23,17,-2.5,42,True,1
10/6/2024,New England Patriots,Miami Dolphins,10,15,-2.0,37,False,0
10/6/2024,Pittsburgh Steelers,Dallas Cowboys,17,20,-2.5,44,False,0
10/6/2024,San Francisco 49ers,Arizona Cardinals,23,24,-7.0,49,False,0
10/6/2024,Seattle Seahawks,New York Giants,20,29,-7.0,42.5,False,0
10/6/2024,Washington Commanders,Cleveland Browns,34,13,-3.0,44,False,1
10/7/2024,Kansas City Chiefs,New Orleans Saints,26,13,-5.5,43,False,1
10/10/2024,Seattle Seahawks,San Francisco 49ers,24,36,-3.5,48.5,False,0
10/13/2024,Baltimore Ravens,Washington Commanders,30,23,-7.0,51,False,1
10/13/2024,Carolina Panthers,Atlanta Falcons,20,38,-6.0,46,False,0
10/13/2024,Chicago Bears,Jacksonville Jaguars,35,16,-1.5,44.5,True,1
10/13/2024,Dallas Cowboys,Detroit Lions,9,47,-3.5,53.5,False,0
10/13/2024,Denver Broncos,Los Angeles Chargers,16,23,-3.0,36.5,False,0
10/13/2024,Green Bay Packers,Arizona Cardinals,34,13,-5.5,47,False,1
10/13/2024,Las Vegas Raiders,Pittsburgh Steelers,13,32,-3.0,36.5,False,0
10/13/2024,New England Patriots,Houston Texans,21,41,-6.5,38,False,0
10/13/2024,New Orleans Saints,Tampa Bay Buccaneers,27,51,-3.5,42.5,False,0
10/13/2024,New York Giants,Cincinnati Bengals,7,17,-4.0,46.5,False,0
10/13/2024,Philadelphia Eagles,Cleveland Browns,20,16,-8.5,42,False,1
10/13/2024,Tennessee Titans,Indianapolis Colts,17,20,-2.5,42.5,False,0
10/14/2024,New York Jets,Buffalo Bills,20,23,-1.0,41,False,0
10/17/2024,New Orleans Saints,Denver Broncos,10,33,-3.0,37,False,0
10/20/2024,Atlanta Falcons,Seattle Seahawks,14,34,-3.0,51.5,False,0
10/20/2024,Buffalo Bills,Tennessee Titans,34,10,-9.5,41,False,1
10/20/2024,Cleveland Browns,Cincinnati Bengals,14,21,-5.5,41.5,False,0
10/20/2024,Green Bay Packers,Houston Texans,24,22,-3.0,48,False,1
10/20/2024,Indianapolis Colts,Miami Dolphins,16,10,-3.0,44,False,1
10/20/2024,Jacksonville Jaguars,New England Patriots,32,16,-7.0,42.5,True,1
10/20/2024,Los Angeles Rams,Las Vegas Raiders,20,15,-7.0,43.5,False,1
10/20/2024,Minnesota Vikings,Detroit Lions,29,31,-1.0,50.5,False,0
10/20/2024,New York Giants,Philadelphia Eagles,3,28,-3.0,42,False,0
10/20/2024,Pittsburgh Steelers,New York Jets,37,15,-2.5,40.5,False,1
10/20/2024,San Francisco 49ers,Kansas City Chiefs,18,28,-2.5,48,False,0
10/20/2024,Washington Commanders,Carolina Panthers,40,7,-10.0,51,False,1
10/21/2024,Arizona Cardinals,Los Angeles Chargers,17,15,-1.0,44.5,False,1
10/21/2024,Tampa Bay Buccaneers,Baltimore Ravens,31,41,-4.0,51,False,0
10/24/2024,Los Angeles Rams,Minnesota Vikings,30,20,-3.0,47,False,1
10/27/2024,Cincinnati Bengals,Philadelphia Eagles,17,37,-2.5,47.5,False,0
10/27/2024,Cleveland Browns,Baltimore Ravens,29,24,-7.5,44.5,False,1
10/27/2024,Denver Broncos,Carolina Panthers,28,14,-13.0,40.5,False,1
10/27/2024,Detroit Lions,Tennessee Titans,52,14,-12.0,45,False,1
10/27/2024,Houston Texans,Indianapolis Colts,23,20,-4.5,45,False,1
10/27/2024,Jacksonville Jaguars,Green Bay Packers,27,30,-3.5,49,False,0
10/27/2024,Las Vegas Raiders,Kansas City Chiefs,20,27,-8.5,43,False,0
10/27/2024,Los Angeles Chargers,New Orleans Saints,26,8,-7.0,41.5,False,1
10/27/2024,Miami Dolphins,Arizona Cardinals,27,28,-4.0,46.5,False,0
10/27/2024,New England Patriots,New York Jets,25,22,-7.0,41,False,1
10/27/2024,San Francisco 49ers,Dallas Cowboys,30,24,-5.5,47.5,False,1
10/27/2024,Seattle Seahawks,Buffalo Bills,10,31,-3.0,45,False,0
10/27/2024,Tampa Bay Buccaneers,Atlanta Falcons,26,31,-1.5,46.5,False,0
10/27/2024,Washington Commanders,Chicago Bears,18,15,-1.5,46.5,False,1
10/28/2024,Pittsburgh Steelers,New York Giants,26,18,-6.0,37.5,False,1
10/31/2024,New York Jets,Houston Texans,21,13,-2.5,43,False,1
11/3/2024,Arizona Cardinals,Chicago Bears,29,9,-1.5,44.5,False,1
11/3/2024,Atlanta Falcons,Dallas Cowboys,27,21,-3.0,52,False,1
11/3/2024,Baltimore Ravens,Denver Broncos,41,10,-9.0,46.5,False,1
11/3/2024,Buffalo Bills,Miami Dolphins,30,27,-6.0,49,False,1
11/3/2024,Carolina Panthers,New Orleans Saints,23,22,-7.0,43.5,False,1
11/3/2024,Cincinnati Bengals,Las Vegas Raiders,41,24,-7.5,45,False,1
11/3/2024,Cleveland Browns,Los Angeles Chargers,10,27,-2.0,42.5,False,0
11/3/2024,Green Bay Packers,Detroit Lions,14,24,-2.5,48.5,False,0
11/3/2024,Minnesota Vikings,Indianapolis Colts,21,13,-6.0,47,False,1
11/3/2024,New York Giants,Washington Commanders,22,27,-4.0,44,False,0
11/3/2024,Philadelphia Eagles,Jacksonville Jaguars,28,23,-7.5,46,False,1
11/3/2024,Seattle Seahawks,Los Angeles Rams,20,26,-1.5,48.5,False,0
11/3/2024,Tennessee Titans,New England Patriots,20,17,-3.5,38,False,1
11/4/2024,Kansas City Chiefs,Tampa Bay Buccaneers,30,24,-9.0,45.5,False,1
11/7/2024,Baltimore Ravens,Cincinnati Bengals,35,34,-6.0,52.5,False,1
11/10/2024,Arizona Cardinals,New York Jets,31,6,-2.0,46,False,1
11/10/2024,Carolina Panthers,New York Giants,20,17,-6.5,40.5,True,1
11/10/2024,Chicago Bears,New England Patriots,3,19,-6.0,37.5,False,0
11/10/2024,Dallas Cowboys,Philadelphia Eagles,6,34,-7.0,44.5,False,0
11/10/2024,Houston Texans,Detroit Lions,23,26,-4.0,49,False,0
11/10/2024,Indianapolis Colts,Buffalo Bills,20,30,-4.5,47,False,0
11/10/2024,Jacksonville Jaguars,Minnesota Vikings,7,12,-7.0,42.5,False,0
11/10/2024,Kansas City Chiefs,Denver Broncos,16,14,-7.0,42.5,False,1
11/10/2024,Los Angeles Chargers,Tennessee Titans,27,17,-8.0,40,False,1
11/10/2024,New Orleans Saints,Atlanta Falcons,20,17,-3.5,47.5,False,1
11/10/2024,Tampa Bay Buccaneers,San Francisco 49ers,20,23,-6.5,50,False,0
11/10/2024,Washington Commanders,Pittsburgh Steelers,27,28,-2.0,45,False,0
11/11/2024,Los Angeles Rams,Miami Dolphins,15,23,-2.0,49.5,False,0
11/14/2024,Philadelphia Eagles,Washington Commanders,26,18,-4.0,49.5,False,1
11/17/2024,Buffalo Bills,Kansas City Chiefs,30,21,-2.5,47,False,1
11/17/2024,Chicago Bears,Green Bay Packers,19,20,-6.0,41,False,0
11/17/2024,Denver Broncos,Atlanta Falcons,38,6,-2.0,44.5,False,1
11/17/2024,Detroit Lions,Jacksonville Jaguars,52,6,-13.5,47.5,False,1
11/17/2024,Los Angeles Chargers,Cincinnati Bengals,34,27,-1.0,48,False,1
11/17/2024,Miami Dolphins,Las Vegas Raiders,34,19,-7.5,43.5,False,1
11/17/2024,New England Patriots,Los Angeles Rams,22,28,-4.0,43,False,0
11/17/2024,New Orleans Saints,Cleveland Browns,35,14,-1.0,44,False,1
11/17/2024,New York Jets,Indianapolis Colts,27,28,-4.0,43,False,0
11/17/2024,Pittsburgh Steelers,Baltimore Ravens,18,16,-3.0,48,False,1
11/17/2024,San Francisco 49ers,Seattle Seahawks,17,20,-6.0,49,False,0
11/17/2024,Tennessee Titans,Minnesota Vikings,13,23,-6.0,40,False,0
11/18/2024,Dallas Cowboys,Houston Texans,10,34,-7.0,41.5,False,0
11/21/2024,Cleveland Browns,Pittsburgh Steelers,24,19,-3.5,36.5,False,1
11/24/2024,Carolina Panthers,Kansas City Chiefs,27,30,-10.5,43,False,0
11/24/2024,Chicago Bears,Minnesota Vikings,27,30,-3.0,39.5,False,0
11/24/2024,Green Bay Packers,San Francisco 49ers,38,10,-6.0,44.5,False,1
11/24/2024,Houston Texans,Tennessee Titans,27,32,-8.0,40.5,False,0
11/24/2024,Indianapolis Colts,Detroit Lions,6,24,-7.0,50.5,False,0
11/24/2024,Las Vegas Raiders,Denver Broncos,19,29,-5.5,41.5,False,0
11/24/2024,Los Angeles Rams,Philadelphia Eagles,20,37,-3.0,48.5,False,0
11/24/2024,Miami Dolphins,New England Patriots,34,15,-7.5,45.5,False,1
11/24/2024,New York Giants,Tampa Bay Buccaneers,7,30,-6.0,40,False,0
11/24/2024,Seattle Seahawks,Arizona Cardinals,16,6,-1.0,46.5,False,1
11/24/2024,Washington Commanders,Dallas Cowboys,26,34,-10.5,44.5,False,0
11/25/2024,Los Angeles Chargers,Baltimore Ravens,23,30,-3.0,51,False,0
11/28/2024,Dallas Cowboys,New York Giants,27,20,-4.0,38.5,False,1
11/28/2024,Detroit Lions,Chicago Bears,23,20,-10.0,48,False,1
11/28/2024,Green Bay Packers,Miami Dolphins,30,17,-3.5,47.5,False,1
11/29/2024,Kansas City Chiefs,Las Vegas Raiders,19,17,-13.5,42,False,1
12/1/2024,Atlanta Falcons,Los Angeles Chargers,13,17,-1.0,47,False,0
12/1/2024,Baltimore Ravens,Philadelphia Eagles,19,24,-3.0,50,False,0
12/1/2024,Buffalo Bills,San Francisco 49ers,35,10,-6.5,45.5,False,1
12/1/2024,Carolina Panthers,Tampa Bay Buccaneers,23,26,-6.5,46,False,0
12/1/2024,Cincinnati Bengals,Pittsburgh Steelers,38,44,-3.0,46,False,0
12/1/2024,Jacksonville Jaguars,Houston Texans,20,23,-3.0,45,False,0
12/1/2024,Minnesota Vikings,Arizona Cardinals,23,22,-3.5,45,False,1
12/1/2024,New England Patriots,Indianapolis Colts,24,25,-2.5,41.5,False,0
12/1/2024,New Orleans Saints,Los Angeles Rams,14,21,-2.5,49,False,0
12/1/2024,New York Jets,Seattle Seahawks,21,26,-1.5,41.5,False,0
12/1/2024,Washington Commanders,Tennessee Titans,42,19,-6.0,45,False,1
12/2/2024,Denver Broncos,Cleveland Browns,41,32,-6.5,41.5,False,1
12/5/2024,Detroit Lions,Green Bay Packers,34,31,-3.5,52.5,False,1
12/8/2024,Arizona Cardinals,Seattle Seahawks,18,30,-3.0,45.5,False,0
12/8/2024,Kansas City Chiefs,Los Angeles Chargers,19,17,-4.5,43,False,1
12/8/2024,Los Angeles Rams,Buffalo Bills,44,42,-3.5,50.5,False,1
12/8/2024,Miami Dolphins,New York Jets,32,26,-6.5,45,False,1
12/8/2024,Minnesota Vikings,Atlanta Falcons,42,21,-6.0,46.5,False,1
12/8/2024,New York Giants,New Orleans Saints,11,14,-5.5,41,False,0
12/8/2024,Philadelphia Eagles,Carolina Panthers,22,16,-14.0,45,False,1
12/8/2024,Pittsburgh Steelers,Cleveland Browns,27,14,-6.0,43,False,1
12/8/2024,San Francisco 49ers,Chicago Bears,38,13,-3.0,43.5,False,1
12/8/2024,Tampa Bay Buccaneers,Las Vegas Raiders,28,13,-6.5,47,False,1
12/8/2024,Tennessee Titans,Jacksonville Jaguars,6,10,-3.0,40.5,False,0
12/9/2024,Dallas Cowboys,Cincinnati Bengals,20,27,-4.5,50.5,False,0
12/12/2024,San Francisco 49ers,Los Angeles Rams,6,12,-3.0,48.5,False,0
12/15/2024,Arizona Cardinals,New England Patriots,30,17,-6.0,46.5,False,1
12/15/2024,Carolina Panthers,Dallas Cowboys,14,30,-2.5,42,False,0
12/15/2024,Cleveland Browns,Kansas City Chiefs,7,21,-4.0,41,False,0
12/15/2024,Denver Broncos,Indianapolis Colts,31,13,-4.5,44,False,1
12/15/2024,Detroit Lions,Buffalo Bills,42,48,-2.0,55.5,False,0
12/15/2024,Houston Texans,Miami Dolphins,20,12,-2.5,46,False,1
12/15/2024,Jacksonville Jaguars,New York Jets,25,32,-3.5,41.5,False,0
12/15/2024,Los Angeles Chargers,Tampa Bay Buccaneers,17,40,-3.0,46,False,0
12/15/2024,New Orleans Saints,Washington Commanders,19,20,-7.5,44.5,False,0
12/15/2024,New York Giants,Baltimore Ravens,14,35,-17.0,43.5,False,0
12/15/2024,Philadelphia Eagles,Pittsburgh Steelers,27,13,-5.5,43,False,1
12/15/2024,Seattle Seahawks,Green Bay Packers,13,30,-3.0,48,False,0
12/15/2024,Tennessee Titans,Cincinnati Bengals,27,37,-6.0,46,False,0
12/16/2024,Las Vegas Raiders,Atlanta Falcons,9,15,-6.0,44.5,False,0
12/16/2024,Minnesota Vikings,Chicago Bears,30,12,-7.0,43.5,False,1
12/19/2024,Los Angeles Chargers,Denver Broncos,34,27,-2.5,41.5,False,1
12/21/2024,Baltimore Ravens,Pittsburgh Steelers,34,17,-7.0,44,False,1
12/21/2024,Kansas City Chiefs,Houston Texans,27,19,-3.5,42.5,False,1
12/22/2024,Atlanta Falcons,New York Giants,34,7,-9.5,43,False,1
12/22/2024,Buffalo Bills,New England Patriots,24,21,-14.0,48,False,1
12/22/2024,Carolina Panthers,Arizona Cardinals,36,30,-5.5,47,False,1
12/22/2024,Chicago Bears,Detroit Lions,17,34,-7.0,47.5,False,0
12/22/2024,Cincinnati Bengals,Cleveland Browns,24,6,-10.0,46.5,False,1
12/22/2024,Dallas Cowboys,Tampa Bay Buccaneers,26,24,-4.5,47.5,False,1
12/22/2024,Indianapolis Colts,Tennessee Titans,38,30,-4.0,42.5,False,1
12/22/2024,Las Vegas Raiders,Jacksonville Jaguars,19,14,-2.5,41.5,False,1
12/22/2024,Miami Dolphins,San Francisco 49ers,29,17,-1.5,44,False,1
12/22/2024,New York Jets,Los Angeles Rams,9,19,-3.0,47,False,0
12/22/2024,Seattle Seahawks,Minnesota Vikings,24,27,-2.5,43,False,0
12/22/2024,Washington Commanders,Philadelphia Eagles,36,33,-4.0,47,False,1
12/23/2024,Green Bay Packers,New Orleans Saints,34,0,-14.0,43.5,False,1
12/25/2024,Houston Texans,Baltimore Ravens,2,31,-6.5,47,False,0
12/25/2024,Pittsburgh Steelers,Kansas City Chiefs,10,29,-2.0,46,False,0
12/26/2024,Chicago Bears,Seattle Seahawks,3,6,-4.5,42,False,0
12/28/2024,Buffalo Bills,New York Jets,40,14,-10.0,44.5,False,1
12/28/2024,Cincinnati Bengals,Denver Broncos,30,24,-3.0,50.5,False,1
12/28/2024,Los Angeles Rams,Arizona Cardinals,13,9,-6.5,48,False,1
12/28/2024,New England Patriots,Los Angeles Chargers,7,40,-6.0,42,False,0
12/29/2024,Cleveland Browns,Miami Dolphins,3,20,-3.0,32.5,False,0
12/29/2024,Jacksonville Jaguars,Tennessee Titans,20,13,-1.0,38,False,1
12/29/2024,Minnesota Vikings,Green Bay Packers,27,25,-1.0,49,False,1
12/29/2024,New Orleans Saints,Las Vegas Raiders,10,25,-1.5,37.5,False,0
12/29/2024,New York Giants,Indianapolis Colts,45,33,-7.5,40.5,False,1
12/29/2024,Philadelphia Eagles,Dallas Cowboys,41,7,-7.5,37.5,False,1
12/29/2024,Tampa Bay Buccaneers,Carolina Panthers,48,14,-10.0,47.5,False,1
12/29/2024,Washington Commanders,Atlanta Falcons,30,24,-3.5,46.5,False,1
12/30/2024,San Francisco 49ers,Detroit Lions,34,40,-4.0,50,False,0
1/4/2025,Baltimore Ravens,Cleveland Browns,35,10,-20.0,42,False,1
1/5/2025,Arizona Cardinals,San Francisco 49ers,47,24,-5.0,43,False,1
1/5/2025,Atlanta Falcons,Carolina Panthers,38,44,-8.0,49,False,0
1/5/2025,Dallas Cowboys,Washington Commanders,19,23,-7.0,43.5,False,0
1/5/2025,Denver Broncos,Kansas City Chiefs,38,0,-11.0,40.5,False,1
1/5/2025,Detroit Lions,Minnesota Vikings,31,9,-3.0,56.5,False,1
1/5/2025,Green Bay Packers,Chicago Bears,22,24,-10.0,41.5,False,0
1/5/2025,Indianapolis Colts,Jacksonville Jaguars,26,23,-3.5,45.5,False,1
1/5/2025,Las Vegas Raiders,Los Angeles Chargers,20,34,-7.0,42,False,0
1/5/2025,Los Angeles Rams,Seattle Seahawks,25,30,-7.5,38.5,False,0
1/5/2025,New England Patriots,Buffalo Bills,23,16,-3.5,36.5,False,1
1/5/2025,New York Jets,Miami Dolphins,32,20,-2.0,39.5,False,1
1/5/2025,Philadelphia Eagles,New York Giants,20,13,-3.0,36,False,1
1/5/2025,Pittsburgh Steelers,Cincinnati Bengals,17,19,-2.5,48.5,False,0
1/5/2025,Tampa Bay Buccaneers,New Orleans Saints,27,19,-14.5,44.5,False,1
1/5/2025,Tennessee Titans,Houston Texans,14,23,-2.5,36.5,False,0
1/11/2025,Houston Texans,Los Angeles Chargers,32,12,-2.5,42,False,1
1/12/2025,Baltimore Ravens,Pittsburgh Steelers,28,14,-9.0,44.5,False,1
1/12/2025,Buffalo Bills,Denver Broncos,31,7,-7.5,49,False,1
1/12/2025,Philadelphia Eagles,Green Bay Packers,22,10,-5.5,46,False,1
1/12/2025,Tampa Bay Buccaneers,Washington Commanders,20,23,-3.0,51.5,False,0
1/13/2025,Los Angeles Rams,Minnesota Vikings,27,9,-2.5,48,True,1
1/18/2025,Detroit Lions,Washington Commanders,31,45,-8.0,55,False,0
1/18/2025,Kansas City Chiefs,Houston Texans,23,14,-9.5,41.5,False,1
1/19/2025,Buffalo Bills,Baltimore Ravens,27,25,-1.5,52,False,1
1/19/2025,Philadelphia Eagles,Los Angeles Rams,28,22,-7.0,43.5,False,1
1/26/2025,Philadelphia Eagles,Washington Commanders,55,23,-6.0,47,False,1
1/26/2025,Kansas City Chiefs,Buffalo Bills,32,29,-1.0,49.5,False,1
2/9/2025,Philadelphia Eagles,Kansas City Chiefs,40,22,-1.0,48.5,True,1
